geoid,Freq.,Percent,Cum.
     1001,8900,0.03,0.03
     1003,8900,0.03,0.06
     1005,8900,0.03,0.09
     1007,8900,0.03,0.12
     1009,8900,0.03,0.15
     1011,8900,0.03,0.18
     1013,8900,0.03,0.21
     1015,8900,0.03,0.24
     1017,8900,0.03,0.27
     1019,8900,0.03,0.30
     1021,8900,0.03,0.33
     1023,8900,0.03,0.36
     1025,8900,0.03,0.39
     1027,8900,0.03,0.42
     1029,8900,0.03,0.45
     1031,8900,0.03,0.48
     1033,8900,0.03,0.51
     1035,8900,0.03,0.54
     1037,8900,0.03,0.57
     1039,8900,0.03,0.60
     1041,8900,0.03,0.63
     1043,8900,0.03,0.66
     1045,8900,0.03,0.69
     1047,8900,0.03,0.72
     1049,8900,0.03,0.75
     1051,8900,0.03,0.78
     1053,8900,0.03,0.81
     1055,8900,0.03,0.84
     1057,8900,0.03,0.87
     1059,8900,0.03,0.90
     1061,8900,0.03,0.93
     1063,8900,0.03,0.96
     1065,8900,0.03,0.99
     1067,8900,0.03,1.02
     1069,8900,0.03,1.05
     1071,8900,0.03,1.08
     1073,8900,0.03,1.11
     1075,8900,0.03,1.14
     1077,8900,0.03,1.17
     1079,8900,0.03,1.20
     1081,8900,0.03,1.23
     1083,8900,0.03,1.26
     1085,8900,0.03,1.29
     1087,8900,0.03,1.32
     1089,8900,0.03,1.35
     1091,8900,0.03,1.38
     1093,8900,0.03,1.41
     1095,8900,0.03,1.44
     1097,8900,0.03,1.47
     1099,8900,0.03,1.50
     1101,8900,0.03,1.53
     1103,8900,0.03,1.56
     1105,8900,0.03,1.59
     1107,8900,0.03,1.62
     1109,8900,0.03,1.65
     1111,8900,0.03,1.68
     1113,8900,0.03,1.71
     1115,8900,0.03,1.74
     1117,8900,0.03,1.77
     1119,8900,0.03,1.80
     1121,8900,0.03,1.83
     1123,8900,0.03,1.86
     1125,8900,0.03,1.89
     1127,8900,0.03,1.92
     1129,8900,0.03,1.95
     1131,8900,0.03,1.98
     1133,8900,0.03,2.01
     2013,8900,0.03,2.04
     2016,8786,0.03,2.07
     2020,8900,0.03,2.10
     2050,8900,0.03,2.13
     2060,8900,0.03,2.16
     2068,8900,0.03,2.19
     2070,8900,0.03,2.22
     2090,8900,0.03,2.25
     2100,8900,0.03,2.28
     2105,8900,0.03,2.31
     2110,8900,0.03,2.34
     2122,8900,0.03,2.37
     2130,8900,0.03,2.40
     2150,8900,0.03,2.43
     2164,8900,0.03,2.46
     2170,8900,0.03,2.49
     2180,8900,0.03,2.52
     2185,8621,0.03,2.55
     2188,8900,0.03,2.58
     2195,8900,0.03,2.61
     2198,8900,0.03,2.64
     2220,8900,0.03,2.67
     2230,8900,0.03,2.70
     2240,8900,0.03,2.73
     2261,8900,0.03,2.76
     2270,8900,0.03,2.79
     2275,8900,0.03,2.82
     2282,8900,0.03,2.85
     2290,8900,0.03,2.88
     4001,8900,0.03,2.91
     4003,8900,0.03,2.94
     4005,8900,0.03,2.97
     4007,8900,0.03,3.00
     4009,8900,0.03,3.03
     4011,8900,0.03,3.06
     4012,8900,0.03,3.09
     4013,8900,0.03,3.12
     4015,8900,0.03,3.15
     4017,8900,0.03,3.18
     4019,8900,0.03,3.21
     4021,8900,0.03,3.24
     4023,8900,0.03,3.27
     4025,8900,0.03,3.30
     4027,8900,0.03,3.33
     5001,8900,0.03,3.36
     5003,8900,0.03,3.39
     5005,8900,0.03,3.42
     5007,8900,0.03,3.45
     5009,8900,0.03,3.48
     5011,8900,0.03,3.51
     5013,8900,0.03,3.54
     5015,8900,0.03,3.57
     5017,8900,0.03,3.60
     5019,8900,0.03,3.63
     5021,8900,0.03,3.66
     5023,8900,0.03,3.69
     5025,8900,0.03,3.72
     5027,8900,0.03,3.75
     5029,8900,0.03,3.78
     5031,8900,0.03,3.81
     5033,8900,0.03,3.84
     5035,8900,0.03,3.87
     5037,8900,0.03,3.90
     5039,8900,0.03,3.93
     5041,8900,0.03,3.96
     5043,8900,0.03,3.99
     5045,8900,0.03,4.02
     5047,8900,0.03,4.05
     5049,8900,0.03,4.08
     5051,8900,0.03,4.11
     5053,8900,0.03,4.14
     5055,8900,0.03,4.17
     5057,8900,0.03,4.20
     5059,8900,0.03,4.23
     5061,8900,0.03,4.26
     5063,8900,0.03,4.29
     5065,8900,0.03,4.32
     5067,8900,0.03,4.35
     5069,8900,0.03,4.38
     5071,8900,0.03,4.41
     5073,8900,0.03,4.44
     5075,8900,0.03,4.47
     5077,8900,0.03,4.50
     5079,8900,0.03,4.53
     5081,8900,0.03,4.56
     5083,8900,0.03,4.59
     5085,8900,0.03,4.62
     5087,8900,0.03,4.65
     5089,8900,0.03,4.68
     5091,8900,0.03,4.71
     5093,8900,0.03,4.74
     5095,8900,0.03,4.77
     5097,8900,0.03,4.80
     5099,8900,0.03,4.83
     5101,8900,0.03,4.86
     5103,8900,0.03,4.89
     5105,8900,0.03,4.92
     5107,8900,0.03,4.95
     5109,8900,0.03,4.98
     5111,8900,0.03,5.01
     5113,8900,0.03,5.04
     5115,8900,0.03,5.07
     5117,8900,0.03,5.10
     5119,8900,0.03,5.13
     5121,8900,0.03,5.16
     5123,8900,0.03,5.19
     5125,8900,0.03,5.22
     5127,8900,0.03,5.25
     5129,8900,0.03,5.28
     5131,8900,0.03,5.31
     5133,8900,0.03,5.34
     5135,8900,0.03,5.37
     5137,8900,0.03,5.40
     5139,8900,0.03,5.43
     5141,8900,0.03,5.46
     5143,8900,0.03,5.49
     5145,8900,0.03,5.52
     5147,8900,0.03,5.55
     5149,8900,0.03,5.58
     6001,8900,0.03,5.61
     6003,8900,0.03,5.64
     6005,8900,0.03,5.67
     6007,8900,0.03,5.70
     6009,8900,0.03,5.73
     6011,8900,0.03,5.76
     6013,8900,0.03,5.79
     6015,8900,0.03,5.82
     6017,8900,0.03,5.85
     6019,8900,0.03,5.88
     6021,8900,0.03,5.91
     6023,8900,0.03,5.94
     6025,8900,0.03,5.97
     6027,8900,0.03,6.00
     6029,8900,0.03,6.03
     6031,8900,0.03,6.06
     6033,8900,0.03,6.09
     6035,8900,0.03,6.12
     6037,8900,0.03,6.15
     6039,8900,0.03,6.18
     6041,8900,0.03,6.21
     6043,8900,0.03,6.24
     6045,8900,0.03,6.27
     6047,8900,0.03,6.30
     6049,8900,0.03,6.33
     6051,8900,0.03,6.36
     6053,8900,0.03,6.39
     6055,8900,0.03,6.42
     6057,8900,0.03,6.45
     6059,8900,0.03,6.48
     6061,8900,0.03,6.51
     6063,8900,0.03,6.54
     6065,8900,0.03,6.57
     6067,8900,0.03,6.60
     6069,8900,0.03,6.63
     6071,8900,0.03,6.66
     6073,8900,0.03,6.69
     6075,8900,0.03,6.72
     6077,8900,0.03,6.75
     6079,8900,0.03,6.78
     6081,8900,0.03,6.81
     6083,8900,0.03,6.84
     6085,8900,0.03,6.87
     6087,8900,0.03,6.90
     6089,8900,0.03,6.93
     6091,8900,0.03,6.96
     6093,8900,0.03,6.99
     6095,8900,0.03,7.02
     6097,8900,0.03,7.05
     6099,8900,0.03,7.08
     6101,8900,0.03,7.11
     6103,8900,0.03,7.14
     6105,8900,0.03,7.17
     6107,8900,0.03,7.20
     6109,8900,0.03,7.23
     6111,8900,0.03,7.26
     6113,8900,0.03,7.29
     6115,8900,0.03,7.32
     8001,8900,0.03,7.35
     8003,8900,0.03,7.38
     8005,8900,0.03,7.41
     8007,8900,0.03,7.44
     8009,8900,0.03,7.47
     8011,8900,0.03,7.50
     8013,8900,0.03,7.53
     8014,8900,0.03,7.56
     8015,8900,0.03,7.59
     8017,8900,0.03,7.62
     8019,8900,0.03,7.65
     8021,8900,0.03,7.68
     8023,8900,0.03,7.71
     8025,8900,0.03,7.74
     8027,8900,0.03,7.77
     8029,8900,0.03,7.80
     8031,8900,0.03,7.83
     8033,8900,0.03,7.86
     8035,8900,0.03,7.89
     8037,8900,0.03,7.92
     8039,8900,0.03,7.95
     8041,8900,0.03,7.98
     8043,8900,0.03,8.01
     8045,8900,0.03,8.04
     8047,8900,0.03,8.07
     8049,8900,0.03,8.10
     8051,8900,0.03,8.13
     8053,8900,0.03,8.16
     8055,8900,0.03,8.19
     8057,8900,0.03,8.22
     8059,8900,0.03,8.25
     8061,8900,0.03,8.28
     8063,8900,0.03,8.31
     8065,8900,0.03,8.34
     8067,8900,0.03,8.37
     8069,8900,0.03,8.40
     8071,8900,0.03,8.43
     8073,8900,0.03,8.46
     8075,8900,0.03,8.49
     8077,8900,0.03,8.52
     8079,8900,0.03,8.55
     8081,8900,0.03,8.58
     8083,8900,0.03,8.61
     8085,8900,0.03,8.64
     8087,8900,0.03,8.67
     8089,8900,0.03,8.70
     8091,8900,0.03,8.73
     8093,8900,0.03,8.76
     8095,8900,0.03,8.79
     8097,8900,0.03,8.82
     8099,8900,0.03,8.85
     8101,8900,0.03,8.88
     8103,8900,0.03,8.91
     8105,8900,0.03,8.94
     8107,8900,0.03,8.97
     8109,8900,0.03,9.00
     8111,8900,0.03,9.03
     8113,8900,0.03,9.06
     8115,8900,0.03,9.09
     8117,8900,0.03,9.12
     8119,8900,0.03,9.15
     8121,8900,0.03,9.18
     8123,8900,0.03,9.21
     8125,8900,0.03,9.24
     9001,8900,0.03,9.27
     9003,8900,0.03,9.30
     9005,8900,0.03,9.33
     9007,8900,0.03,9.36
     9009,8900,0.03,9.39
     9011,8900,0.03,9.42
     9013,8900,0.03,9.45
     9015,8900,0.03,9.48
    10001,8900,0.03,9.51
    10003,8900,0.03,9.54
    10005,8900,0.03,9.57
    11001,8900,0.03,9.60
    12001,8900,0.03,9.63
    12003,8900,0.03,9.66
    12005,8900,0.03,9.69
    12007,8900,0.03,9.72
    12009,8900,0.03,9.75
    12011,8900,0.03,9.78
    12013,8900,0.03,9.81
    12015,8900,0.03,9.84
    12017,8900,0.03,9.87
    12019,8900,0.03,9.90
    12021,8900,0.03,9.93
    12023,8900,0.03,9.96
    12027,8900,0.03,9.99
    12029,8900,0.03,10.02
    12031,8900,0.03,10.05
    12033,8900,0.03,10.08
    12035,8900,0.03,10.11
    12037,8900,0.03,10.14
    12039,8900,0.03,10.17
    12041,8900,0.03,10.20
    12043,8900,0.03,10.23
    12045,8900,0.03,10.26
    12047,8900,0.03,10.29
    12049,8900,0.03,10.32
    12051,8900,0.03,10.35
    12053,8900,0.03,10.38
    12055,8900,0.03,10.41
    12057,8900,0.03,10.44
    12059,8900,0.03,10.47
    12061,8900,0.03,10.50
    12063,8900,0.03,10.53
    12065,8900,0.03,10.56
    12067,8900,0.03,10.59
    12069,8900,0.03,10.62
    12071,8900,0.03,10.65
    12073,8900,0.03,10.68
    12075,8900,0.03,10.71
    12077,8900,0.03,10.74
    12079,8900,0.03,10.77
    12081,8900,0.03,10.80
    12083,8900,0.03,10.83
    12085,8900,0.03,10.86
    12086,7532,0.03,10.89
    12087,7176,0.03,10.92
    12089,8900,0.03,10.95
    12091,8900,0.03,10.98
    12093,8900,0.03,11.01
    12095,8900,0.03,11.04
    12097,8900,0.03,11.07
    12099,8900,0.03,11.10
    12101,8900,0.03,11.13
    12103,8900,0.03,11.16
    12105,8900,0.03,11.19
    12107,8900,0.03,11.22
    12109,8900,0.03,11.25
    12111,8900,0.03,11.28
    12113,8900,0.03,11.31
    12115,8900,0.03,11.34
    12117,8900,0.03,11.37
    12119,8900,0.03,11.40
    12121,8900,0.03,11.43
    12123,8900,0.03,11.46
    12125,8900,0.03,11.49
    12127,8900,0.03,11.52
    12129,8900,0.03,11.55
    12131,8900,0.03,11.58
    12133,8900,0.03,11.61
    13001,8900,0.03,11.64
    13003,8900,0.03,11.67
    13005,8900,0.03,11.70
    13007,8900,0.03,11.73
    13009,8900,0.03,11.76
    13011,8900,0.03,11.79
    13013,8900,0.03,11.82
    13015,8900,0.03,11.85
    13017,8900,0.03,11.88
    13019,8900,0.03,11.91
    13021,8900,0.03,11.94
    13023,8900,0.03,11.97
    13025,8900,0.03,12.00
    13027,8900,0.03,12.03
    13029,8900,0.03,12.06
    13031,8900,0.03,12.09
    13033,8900,0.03,12.12
    13035,8900,0.03,12.15
    13037,8900,0.03,12.18
    13039,8900,0.03,12.21
    13043,8900,0.03,12.24
    13045,8900,0.03,12.27
    13047,8900,0.03,12.30
    13049,8900,0.03,12.33
    13051,8900,0.03,12.36
    13053,8900,0.03,12.39
    13055,8900,0.03,12.42
    13057,8900,0.03,12.45
    13059,8900,0.03,12.48
    13061,8900,0.03,12.51
    13063,8900,0.03,12.54
    13065,8900,0.03,12.57
    13067,8900,0.03,12.60
    13069,8900,0.03,12.63
    13071,8900,0.03,12.66
    13073,8900,0.03,12.69
    13075,8900,0.03,12.72
    13077,8900,0.03,12.75
    13079,8900,0.03,12.78
    13081,8900,0.03,12.81
    13083,8900,0.03,12.84
    13085,8900,0.03,12.87
    13087,8900,0.03,12.90
    13089,8900,0.03,12.93
    13091,8900,0.03,12.96
    13093,8900,0.03,12.99
    13095,8900,0.03,13.02
    13097,8900,0.03,13.05
    13099,8900,0.03,13.08
    13101,8900,0.03,13.11
    13103,8900,0.03,13.14
    13105,8900,0.03,13.17
    13107,8900,0.03,13.20
    13109,8900,0.03,13.23
    13111,8900,0.03,13.26
    13113,8900,0.03,13.29
    13115,8900,0.03,13.32
    13117,8900,0.03,13.35
    13119,8900,0.03,13.38
    13121,8900,0.03,13.41
    13123,8900,0.03,13.44
    13125,8900,0.03,13.47
    13127,8900,0.03,13.50
    13129,8900,0.03,13.53
    13131,8900,0.03,13.56
    13133,8900,0.03,13.59
    13135,8900,0.03,13.62
    13137,8900,0.03,13.65
    13139,8900,0.03,13.68
    13141,8900,0.03,13.71
    13143,8900,0.03,13.74
    13145,8900,0.03,13.77
    13147,8900,0.03,13.80
    13149,8900,0.03,13.83
    13151,8900,0.03,13.86
    13153,8900,0.03,13.89
    13155,8900,0.03,13.92
    13157,8900,0.03,13.95
    13159,8900,0.03,13.98
    13161,8900,0.03,14.01
    13163,8900,0.03,14.04
    13165,8900,0.03,14.07
    13167,8900,0.03,14.10
    13169,8900,0.03,14.13
    13171,8900,0.03,14.16
    13173,8900,0.03,14.19
    13175,8900,0.03,14.22
    13177,8900,0.03,14.25
    13179,8900,0.03,14.28
    13181,8900,0.03,14.31
    13183,8900,0.03,14.34
    13185,8900,0.03,14.37
    13187,8900,0.03,14.40
    13189,8900,0.03,14.43
    13191,8900,0.03,14.46
    13193,8900,0.03,14.49
    13195,8900,0.03,14.52
    13197,8900,0.03,14.55
    13199,8900,0.03,14.58
    13201,8900,0.03,14.61
    13205,8900,0.03,14.64
    13207,8900,0.03,14.67
    13209,8900,0.03,14.70
    13211,8900,0.03,14.73
    13213,8900,0.03,14.76
    13215,8900,0.03,14.79
    13217,8900,0.03,14.82
    13219,8900,0.03,14.85
    13221,8900,0.03,14.88
    13223,8900,0.03,14.91
    13225,8900,0.03,14.94
    13227,8900,0.03,14.97
    13229,8900,0.03,15.00
    13231,8900,0.03,15.03
    13233,8900,0.03,15.06
    13235,8900,0.03,15.09
    13237,8900,0.03,15.12
    13239,8900,0.03,15.15
    13241,8900,0.03,15.18
    13243,8900,0.03,15.21
    13245,8900,0.03,15.24
    13247,8900,0.03,15.27
    13249,8900,0.03,15.30
    13251,8900,0.03,15.33
    13253,8900,0.03,15.36
    13255,8900,0.03,15.39
    13257,8900,0.03,15.42
    13259,8900,0.03,15.45
    13261,8900,0.03,15.48
    13263,8900,0.03,15.51
    13265,8900,0.03,15.54
    13267,8900,0.03,15.57
    13269,8900,0.03,15.60
    13271,8900,0.03,15.63
    13273,8900,0.03,15.66
    13275,8900,0.03,15.69
    13277,8900,0.03,15.72
    13279,8900,0.03,15.75
    13281,8900,0.03,15.78
    13283,8900,0.03,15.81
    13285,8900,0.03,15.84
    13287,8900,0.03,15.87
    13289,8900,0.03,15.90
    13291,8900,0.03,15.93
    13293,8900,0.03,15.96
    13295,8900,0.03,15.99
    13297,8900,0.03,16.02
    13299,8900,0.03,16.05
    13301,8900,0.03,16.08
    13303,8900,0.03,16.11
    13305,8900,0.03,16.14
    13307,8900,0.03,16.17
    13309,8900,0.03,16.20
    13311,8900,0.03,16.23
    13313,8900,0.03,16.26
    13315,8900,0.03,16.29
    13317,8900,0.03,16.32
    13319,8900,0.03,16.35
    13321,8900,0.03,16.38
    15001,6821,0.02,16.40
    15003,7619,0.03,16.43
    15005,6849,0.02,16.45
    15007,7176,0.03,16.48
    15009,6849,0.02,16.50
    16001,8900,0.03,16.53
    16003,8900,0.03,16.56
    16005,8900,0.03,16.59
    16007,8900,0.03,16.62
    16009,8900,0.03,16.65
    16011,8900,0.03,16.68
    16013,8900,0.03,16.71
    16015,8900,0.03,16.74
    16017,8900,0.03,16.77
    16019,8900,0.03,16.80
    16021,8900,0.03,16.83
    16023,8900,0.03,16.86
    16025,8900,0.03,16.89
    16027,8900,0.03,16.92
    16029,8900,0.03,16.95
    16031,8900,0.03,16.98
    16033,8900,0.03,17.01
    16035,8900,0.03,17.04
    16037,8900,0.03,17.07
    16039,8900,0.03,17.10
    16041,8900,0.03,17.13
    16043,8900,0.03,17.16
    16045,8900,0.03,17.19
    16047,8900,0.03,17.22
    16049,8900,0.03,17.25
    16051,8900,0.03,17.28
    16053,8900,0.03,17.31
    16055,8900,0.03,17.34
    16057,8900,0.03,17.37
    16059,8900,0.03,17.40
    16061,8900,0.03,17.43
    16063,8900,0.03,17.46
    16065,8900,0.03,17.49
    16067,8900,0.03,17.52
    16069,8900,0.03,17.55
    16071,8900,0.03,17.58
    16073,8900,0.03,17.61
    16075,8900,0.03,17.64
    16077,8900,0.03,17.67
    16079,8900,0.03,17.70
    16081,8900,0.03,17.73
    16083,8900,0.03,17.76
    16085,8900,0.03,17.79
    16087,8900,0.03,17.82
    17001,8900,0.03,17.85
    17003,8900,0.03,17.88
    17005,8900,0.03,17.91
    17007,8900,0.03,17.94
    17009,8900,0.03,17.97
    17011,8900,0.03,18.00
    17013,8900,0.03,18.03
    17015,8900,0.03,18.06
    17017,8900,0.03,18.09
    17019,8900,0.03,18.12
    17021,8900,0.03,18.15
    17023,8900,0.03,18.18
    17025,8900,0.03,18.21
    17027,8900,0.03,18.24
    17029,8900,0.03,18.27
    17031,8900,0.03,18.30
    17033,8900,0.03,18.33
    17035,8900,0.03,18.36
    17037,8900,0.03,18.39
    17039,8900,0.03,18.42
    17041,8900,0.03,18.45
    17043,8900,0.03,18.48
    17045,8900,0.03,18.51
    17047,8900,0.03,18.54
    17049,8900,0.03,18.57
    17051,8900,0.03,18.60
    17053,8900,0.03,18.63
    17055,8900,0.03,18.66
    17057,8900,0.03,18.69
    17059,8900,0.03,18.72
    17061,8900,0.03,18.75
    17063,8900,0.03,18.78
    17065,8900,0.03,18.81
    17067,8900,0.03,18.84
    17069,8900,0.03,18.87
    17071,8900,0.03,18.90
    17073,8900,0.03,18.93
    17075,8900,0.03,18.96
    17077,8900,0.03,18.99
    17079,8900,0.03,19.02
    17081,8900,0.03,19.05
    17083,8900,0.03,19.08
    17085,8900,0.03,19.11
    17087,8900,0.03,19.14
    17089,8900,0.03,19.17
    17091,8900,0.03,19.20
    17093,8900,0.03,19.23
    17095,8900,0.03,19.26
    17097,8900,0.03,19.29
    17099,8900,0.03,19.32
    17101,8900,0.03,19.35
    17103,8900,0.03,19.38
    17105,8900,0.03,19.41
    17107,8900,0.03,19.44
    17109,8900,0.03,19.47
    17111,8900,0.03,19.50
    17113,8900,0.03,19.53
    17115,8900,0.03,19.56
    17117,8900,0.03,19.59
    17119,8900,0.03,19.62
    17121,8900,0.03,19.65
    17123,8900,0.03,19.68
    17125,8900,0.03,19.71
    17127,8900,0.03,19.74
    17129,8900,0.03,19.77
    17131,8900,0.03,19.80
    17133,8900,0.03,19.83
    17135,8900,0.03,19.86
    17137,8900,0.03,19.89
    17139,8900,0.03,19.92
    17141,8900,0.03,19.95
    17143,8900,0.03,19.98
    17145,8900,0.03,20.01
    17147,8900,0.03,20.04
    17149,8900,0.03,20.07
    17151,8900,0.03,20.10
    17153,8900,0.03,20.13
    17155,8900,0.03,20.16
    17157,8900,0.03,20.19
    17159,8900,0.03,20.22
    17161,8900,0.03,20.25
    17163,8900,0.03,20.28
    17165,8900,0.03,20.31
    17167,8900,0.03,20.34
    17169,8900,0.03,20.37
    17171,8900,0.03,20.40
    17173,8900,0.03,20.43
    17175,8900,0.03,20.46
    17177,8900,0.03,20.49
    17179,8900,0.03,20.52
    17181,8900,0.03,20.55
    17183,8900,0.03,20.58
    17185,8900,0.03,20.61
    17187,8900,0.03,20.64
    17189,8900,0.03,20.67
    17191,8900,0.03,20.70
    17193,8900,0.03,20.73
    17195,8900,0.03,20.76
    17197,8900,0.03,20.79
    17199,8900,0.03,20.82
    17201,8900,0.03,20.85
    17203,8900,0.03,20.88
    18001,8900,0.03,20.91
    18003,8900,0.03,20.94
    18005,8900,0.03,20.97
    18007,8900,0.03,21.00
    18009,8900,0.03,21.03
    18011,8900,0.03,21.06
    18013,8900,0.03,21.09
    18015,8900,0.03,21.12
    18017,8900,0.03,21.15
    18019,8900,0.03,21.18
    18021,8900,0.03,21.21
    18023,8900,0.03,21.24
    18025,8900,0.03,21.27
    18027,8900,0.03,21.30
    18029,8900,0.03,21.33
    18031,8900,0.03,21.36
    18033,8900,0.03,21.39
    18035,8900,0.03,21.42
    18037,8900,0.03,21.45
    18039,8900,0.03,21.48
    18041,8900,0.03,21.51
    18043,8900,0.03,21.54
    18045,8900,0.03,21.57
    18047,8900,0.03,21.60
    18049,8900,0.03,21.63
    18051,8900,0.03,21.66
    18053,8900,0.03,21.69
    18055,8900,0.03,21.72
    18057,8900,0.03,21.75
    18059,8900,0.03,21.78
    18061,8900,0.03,21.81
    18063,8900,0.03,21.84
    18065,8900,0.03,21.87
    18067,8900,0.03,21.90
    18069,8900,0.03,21.93
    18071,8900,0.03,21.96
    18073,8900,0.03,21.99
    18075,8900,0.03,22.02
    18077,8900,0.03,22.05
    18079,8900,0.03,22.08
    18081,8900,0.03,22.11
    18083,8900,0.03,22.14
    18085,8900,0.03,22.17
    18087,8900,0.03,22.20
    18089,8900,0.03,22.23
    18091,8900,0.03,22.26
    18093,8900,0.03,22.29
    18095,8900,0.03,22.32
    18097,8900,0.03,22.35
    18099,8900,0.03,22.38
    18101,8900,0.03,22.41
    18103,8900,0.03,22.44
    18105,8900,0.03,22.47
    18107,8900,0.03,22.50
    18109,8900,0.03,22.53
    18111,8900,0.03,22.56
    18113,8900,0.03,22.59
    18115,8900,0.03,22.62
    18117,8900,0.03,22.65
    18119,8900,0.03,22.68
    18121,8900,0.03,22.71
    18123,8900,0.03,22.74
    18125,8900,0.03,22.77
    18127,8900,0.03,22.80
    18129,8900,0.03,22.83
    18131,8900,0.03,22.86
    18133,8900,0.03,22.89
    18135,8900,0.03,22.92
    18137,8900,0.03,22.95
    18139,8900,0.03,22.98
    18141,8900,0.03,23.01
    18143,8900,0.03,23.04
    18145,8900,0.03,23.07
    18147,8900,0.03,23.10
    18149,8900,0.03,23.13
    18151,8900,0.03,23.16
    18153,8900,0.03,23.19
    18155,8900,0.03,23.22
    18157,8900,0.03,23.25
    18159,8900,0.03,23.28
    18161,8900,0.03,23.31
    18163,8900,0.03,23.34
    18165,8900,0.03,23.37
    18167,8900,0.03,23.40
    18169,8900,0.03,23.43
    18171,8900,0.03,23.46
    18173,8900,0.03,23.49
    18175,8900,0.03,23.52
    18177,8900,0.03,23.55
    18179,8900,0.03,23.58
    18181,8900,0.03,23.61
    18183,8900,0.03,23.64
    19001,8900,0.03,23.67
    19003,8900,0.03,23.70
    19005,8900,0.03,23.73
    19007,8900,0.03,23.76
    19009,8900,0.03,23.79
    19011,8900,0.03,23.82
    19013,8900,0.03,23.85
    19015,8900,0.03,23.88
    19017,8900,0.03,23.91
    19019,8900,0.03,23.94
    19021,8900,0.03,23.97
    19023,8900,0.03,24.00
    19025,8900,0.03,24.03
    19027,8900,0.03,24.06
    19029,8900,0.03,24.09
    19031,8900,0.03,24.12
    19033,8900,0.03,24.15
    19035,8900,0.03,24.18
    19037,8900,0.03,24.21
    19039,8900,0.03,24.24
    19041,8900,0.03,24.27
    19043,8900,0.03,24.30
    19045,8900,0.03,24.33
    19047,8900,0.03,24.36
    19049,8900,0.03,24.39
    19051,8900,0.03,24.42
    19053,8900,0.03,24.45
    19055,8900,0.03,24.48
    19057,8900,0.03,24.51
    19059,8900,0.03,24.54
    19061,8900,0.03,24.57
    19063,8900,0.03,24.60
    19065,8900,0.03,24.63
    19067,8900,0.03,24.66
    19069,8900,0.03,24.69
    19071,8900,0.03,24.72
    19073,8900,0.03,24.75
    19075,8900,0.03,24.78
    19077,8900,0.03,24.81
    19079,8900,0.03,24.84
    19081,8900,0.03,24.87
    19083,8900,0.03,24.90
    19085,8900,0.03,24.93
    19087,8900,0.03,24.96
    19089,8900,0.03,24.99
    19091,8900,0.03,25.02
    19093,8900,0.03,25.05
    19095,8900,0.03,25.08
    19097,8900,0.03,25.11
    19099,8900,0.03,25.14
    19101,8900,0.03,25.17
    19103,8900,0.03,25.20
    19105,8900,0.03,25.23
    19107,8900,0.03,25.26
    19109,8900,0.03,25.29
    19111,8900,0.03,25.32
    19113,8900,0.03,25.35
    19115,8900,0.03,25.38
    19117,8900,0.03,25.41
    19119,8900,0.03,25.44
    19121,8900,0.03,25.47
    19123,8900,0.03,25.50
    19125,8900,0.03,25.53
    19127,8900,0.03,25.56
    19129,8900,0.03,25.59
    19131,8900,0.03,25.62
    19133,8900,0.03,25.65
    19135,8900,0.03,25.68
    19137,8900,0.03,25.71
    19139,8900,0.03,25.74
    19141,8900,0.03,25.77
    19143,8900,0.03,25.80
    19145,8900,0.03,25.83
    19147,8900,0.03,25.86
    19149,8900,0.03,25.89
    19151,8900,0.03,25.92
    19153,8900,0.03,25.95
    19155,8900,0.03,25.98
    19157,8900,0.03,26.01
    19159,8900,0.03,26.04
    19161,8900,0.03,26.07
    19163,8900,0.03,26.10
    19165,8900,0.03,26.13
    19167,8900,0.03,26.16
    19169,8900,0.03,26.19
    19171,8900,0.03,26.22
    19173,8900,0.03,26.25
    19175,8900,0.03,26.28
    19177,8900,0.03,26.31
    19179,8900,0.03,26.34
    19181,8900,0.03,26.37
    19183,8900,0.03,26.40
    19185,8900,0.03,26.43
    19187,8900,0.03,26.46
    19189,8900,0.03,26.49
    19191,8900,0.03,26.52
    19193,8900,0.03,26.55
    19195,8900,0.03,26.58
    19197,8900,0.03,26.61
    20001,8900,0.03,26.64
    20003,8900,0.03,26.67
    20005,8900,0.03,26.70
    20007,8900,0.03,26.73
    20009,8900,0.03,26.76
    20011,8900,0.03,26.79
    20013,8900,0.03,26.82
    20015,8900,0.03,26.85
    20017,8900,0.03,26.88
    20019,8900,0.03,26.91
    20021,8900,0.03,26.94
    20023,8900,0.03,26.97
    20025,8900,0.03,27.00
    20027,8900,0.03,27.03
    20029,8900,0.03,27.06
    20031,8900,0.03,27.09
    20033,8900,0.03,27.12
    20035,8900,0.03,27.15
    20037,8900,0.03,27.18
    20039,8900,0.03,27.21
    20041,8900,0.03,27.24
    20043,8900,0.03,27.27
    20045,8900,0.03,27.30
    20047,8900,0.03,27.33
    20049,8900,0.03,27.36
    20051,8900,0.03,27.39
    20053,8900,0.03,27.42
    20055,8900,0.03,27.45
    20057,8900,0.03,27.48
    20059,8900,0.03,27.51
    20061,8900,0.03,27.54
    20063,8900,0.03,27.57
    20065,8900,0.03,27.60
    20067,8900,0.03,27.63
    20069,8900,0.03,27.66
    20071,8900,0.03,27.69
    20073,8900,0.03,27.72
    20075,8900,0.03,27.75
    20077,8900,0.03,27.78
    20079,8900,0.03,27.81
    20081,8900,0.03,27.84
    20083,8900,0.03,27.87
    20085,8900,0.03,27.90
    20087,8900,0.03,27.93
    20089,8900,0.03,27.96
    20091,8900,0.03,27.99
    20093,8900,0.03,28.02
    20095,8900,0.03,28.05
    20097,8900,0.03,28.08
    20099,8900,0.03,28.11
    20101,8900,0.03,28.14
    20103,8900,0.03,28.17
    20105,8900,0.03,28.20
    20107,8900,0.03,28.23
    20109,8900,0.03,28.26
    20111,8900,0.03,28.29
    20113,8900,0.03,28.32
    20115,8900,0.03,28.35
    20117,8900,0.03,28.38
    20119,8900,0.03,28.41
    20121,8900,0.03,28.44
    20123,8900,0.03,28.47
    20125,8900,0.03,28.50
    20127,8900,0.03,28.53
    20129,8900,0.03,28.56
    20131,8900,0.03,28.59
    20133,8900,0.03,28.62
    20135,8900,0.03,28.65
    20137,8900,0.03,28.68
    20139,8900,0.03,28.71
    20141,8900,0.03,28.74
    20143,8900,0.03,28.77
    20145,8900,0.03,28.80
    20147,8900,0.03,28.83
    20149,8900,0.03,28.86
    20151,8900,0.03,28.89
    20153,8900,0.03,28.92
    20155,8900,0.03,28.95
    20157,8900,0.03,28.98
    20159,8900,0.03,29.01
    20161,8900,0.03,29.04
    20163,8900,0.03,29.07
    20165,8900,0.03,29.10
    20167,8900,0.03,29.13
    20169,8900,0.03,29.16
    20171,8900,0.03,29.19
    20173,8900,0.03,29.22
    20175,8900,0.03,29.25
    20177,8900,0.03,29.28
    20179,8900,0.03,29.31
    20181,8900,0.03,29.34
    20183,8900,0.03,29.37
    20185,8900,0.03,29.40
    20187,8900,0.03,29.43
    20189,8900,0.03,29.46
    20191,8900,0.03,29.49
    20193,8900,0.03,29.52
    20195,8900,0.03,29.55
    20197,8900,0.03,29.58
    20199,8900,0.03,29.61
    20201,8900,0.03,29.64
    20203,8900,0.03,29.67
    20205,8900,0.03,29.70
    20207,8900,0.03,29.73
    20209,8900,0.03,29.76
    21001,8900,0.03,29.79
    21003,8900,0.03,29.82
    21005,8900,0.03,29.85
    21007,8900,0.03,29.88
    21009,8900,0.03,29.91
    21011,8900,0.03,29.94
    21013,8900,0.03,29.97
    21015,8900,0.03,30.00
    21017,8900,0.03,30.03
    21019,8900,0.03,30.06
    21021,8900,0.03,30.09
    21023,8900,0.03,30.12
    21025,8900,0.03,30.15
    21027,8900,0.03,30.18
    21029,8900,0.03,30.21
    21031,8900,0.03,30.24
    21033,8900,0.03,30.27
    21035,8900,0.03,30.30
    21037,8900,0.03,30.33
    21039,8900,0.03,30.36
    21041,8900,0.03,30.39
    21043,8900,0.03,30.42
    21045,8900,0.03,30.45
    21047,8900,0.03,30.48
    21049,8900,0.03,30.51
    21051,8900,0.03,30.54
    21053,8900,0.03,30.57
    21055,8900,0.03,30.60
    21057,8900,0.03,30.63
    21059,8900,0.03,30.66
    21061,8900,0.03,30.69
    21063,8900,0.03,30.72
    21065,8900,0.03,30.75
    21067,8900,0.03,30.78
    21069,8900,0.03,30.81
    21071,8900,0.03,30.84
    21073,8900,0.03,30.87
    21075,8900,0.03,30.90
    21077,8900,0.03,30.93
    21079,8900,0.03,30.96
    21081,8900,0.03,30.99
    21083,8900,0.03,31.02
    21085,8900,0.03,31.05
    21087,8900,0.03,31.08
    21089,8900,0.03,31.11
    21091,8900,0.03,31.14
    21093,8900,0.03,31.17
    21095,8900,0.03,31.20
    21097,8900,0.03,31.23
    21099,8900,0.03,31.26
    21101,8900,0.03,31.29
    21103,8900,0.03,31.32
    21105,8900,0.03,31.35
    21107,8900,0.03,31.38
    21109,8900,0.03,31.41
    21111,8900,0.03,31.44
    21113,8900,0.03,31.47
    21115,8900,0.03,31.50
    21117,8900,0.03,31.53
    21119,8900,0.03,31.56
    21121,8900,0.03,31.59
    21123,8900,0.03,31.62
    21125,8900,0.03,31.65
    21127,8900,0.03,31.68
    21129,8900,0.03,31.71
    21131,8900,0.03,31.74
    21133,8900,0.03,31.77
    21135,8900,0.03,31.80
    21137,8900,0.03,31.83
    21139,8900,0.03,31.86
    21141,8900,0.03,31.89
    21143,8900,0.03,31.92
    21145,8900,0.03,31.95
    21147,8900,0.03,31.98
    21149,8900,0.03,32.01
    21151,8900,0.03,32.04
    21153,8900,0.03,32.07
    21155,8900,0.03,32.10
    21157,8900,0.03,32.13
    21159,8900,0.03,32.16
    21161,8900,0.03,32.19
    21163,8900,0.03,32.22
    21165,8900,0.03,32.25
    21167,8900,0.03,32.28
    21169,8900,0.03,32.31
    21171,8900,0.03,32.34
    21173,8900,0.03,32.37
    21175,8900,0.03,32.40
    21177,8900,0.03,32.43
    21179,8900,0.03,32.46
    21181,8900,0.03,32.49
    21183,8900,0.03,32.52
    21185,8900,0.03,32.55
    21187,8900,0.03,32.58
    21189,8900,0.03,32.61
    21191,8900,0.03,32.64
    21193,8900,0.03,32.67
    21195,8900,0.03,32.70
    21197,8900,0.03,32.73
    21199,8900,0.03,32.76
    21201,8900,0.03,32.79
    21203,8900,0.03,32.82
    21205,8900,0.03,32.85
    21207,8900,0.03,32.88
    21209,8900,0.03,32.91
    21211,8900,0.03,32.94
    21213,8900,0.03,32.97
    21215,8900,0.03,33.00
    21217,8900,0.03,33.03
    21219,8900,0.03,33.06
    21221,8900,0.03,33.09
    21223,8900,0.03,33.12
    21225,8900,0.03,33.15
    21227,8900,0.03,33.18
    21229,8900,0.03,33.21
    21231,8900,0.03,33.24
    21233,8900,0.03,33.27
    21235,8900,0.03,33.30
    21237,8900,0.03,33.33
    21239,8900,0.03,33.36
    22001,8900,0.03,33.39
    22003,8900,0.03,33.42
    22005,8900,0.03,33.45
    22007,8900,0.03,33.48
    22009,8900,0.03,33.51
    22011,8900,0.03,33.54
    22013,8900,0.03,33.57
    22015,8900,0.03,33.60
    22017,8900,0.03,33.63
    22019,8900,0.03,33.66
    22021,8900,0.03,33.69
    22023,8900,0.03,33.72
    22025,8900,0.03,33.75
    22027,8900,0.03,33.78
    22029,8900,0.03,33.81
    22031,8900,0.03,33.84
    22033,8900,0.03,33.87
    22035,8900,0.03,33.90
    22037,8900,0.03,33.93
    22039,8900,0.03,33.96
    22041,8900,0.03,33.99
    22043,8900,0.03,34.02
    22045,8900,0.03,34.05
    22047,8900,0.03,34.08
    22049,8900,0.03,34.11
    22051,8900,0.03,34.14
    22053,8900,0.03,34.17
    22055,8900,0.03,34.20
    22057,8900,0.03,34.23
    22059,8900,0.03,34.26
    22061,8900,0.03,34.29
    22063,8900,0.03,34.32
    22065,8900,0.03,34.35
    22067,8900,0.03,34.38
    22069,8900,0.03,34.41
    22071,8900,0.03,34.44
    22073,8900,0.03,34.47
    22075,8900,0.03,34.50
    22077,8900,0.03,34.53
    22079,8900,0.03,34.56
    22081,8900,0.03,34.59
    22083,8900,0.03,34.62
    22085,8900,0.03,34.65
    22087,8900,0.03,34.68
    22089,8900,0.03,34.71
    22091,8900,0.03,34.74
    22093,8900,0.03,34.77
    22095,8900,0.03,34.80
    22097,8900,0.03,34.83
    22099,8900,0.03,34.86
    22101,8900,0.03,34.89
    22103,8900,0.03,34.92
    22105,8900,0.03,34.95
    22107,8900,0.03,34.98
    22109,8900,0.03,35.01
    22111,8900,0.03,35.04
    22113,8900,0.03,35.07
    22115,8900,0.03,35.10
    22117,8900,0.03,35.13
    22119,8900,0.03,35.16
    22121,8900,0.03,35.19
    22123,8900,0.03,35.22
    22125,8900,0.03,35.25
    22127,8900,0.03,35.28
    23001,8900,0.03,35.31
    23003,8900,0.03,35.34
    23005,8900,0.03,35.37
    23007,8900,0.03,35.40
    23009,8869,0.03,35.43
    23011,8900,0.03,35.46
    23013,8869,0.03,35.49
    23015,8900,0.03,35.52
    23017,8900,0.03,35.55
    23019,8869,0.03,35.58
    23021,8900,0.03,35.61
    23023,8900,0.03,35.64
    23025,8900,0.03,35.67
    23027,8869,0.03,35.70
    23029,8790,0.03,35.73
    23031,8900,0.03,35.76
    24001,8900,0.03,35.79
    24003,8900,0.03,35.82
    24005,8900,0.03,35.85
    24009,8900,0.03,35.88
    24011,8900,0.03,35.91
    24013,8900,0.03,35.94
    24015,8900,0.03,35.97
    24017,8900,0.03,36.00
    24019,8900,0.03,36.03
    24021,8900,0.03,36.06
    24023,8900,0.03,36.09
    24025,8900,0.03,36.12
    24027,8900,0.03,36.15
    24029,8900,0.03,36.18
    24031,8900,0.03,36.21
    24033,8900,0.03,36.24
    24035,8900,0.03,36.27
    24037,8900,0.03,36.30
    24039,8900,0.03,36.33
    24041,8900,0.03,36.36
    24043,8900,0.03,36.39
    24045,8900,0.03,36.42
    24047,8900,0.03,36.45
    24510,8900,0.03,36.48
    25001,8900,0.03,36.51
    25003,8900,0.03,36.54
    25005,8900,0.03,36.57
    25007,8900,0.03,36.60
    25009,8900,0.03,36.63
    25011,8900,0.03,36.66
    25013,8900,0.03,36.69
    25015,8900,0.03,36.72
    25017,8900,0.03,36.75
    25019,8900,0.03,36.78
    25021,8900,0.03,36.81
    25023,8900,0.03,36.84
    25025,8900,0.03,36.87
    25027,8900,0.03,36.90
    26001,8900,0.03,36.93
    26003,8900,0.03,36.96
    26005,8900,0.03,36.99
    26007,8900,0.03,37.02
    26009,8900,0.03,37.05
    26011,8900,0.03,37.08
    26013,8900,0.03,37.11
    26015,8900,0.03,37.14
    26017,8900,0.03,37.17
    26019,8900,0.03,37.20
    26021,8900,0.03,37.23
    26023,8900,0.03,37.26
    26025,8900,0.03,37.29
    26027,8900,0.03,37.32
    26029,8900,0.03,37.35
    26031,8900,0.03,37.38
    26033,8900,0.03,37.41
    26035,8900,0.03,37.44
    26037,8900,0.03,37.47
    26039,8900,0.03,37.50
    26041,8900,0.03,37.53
    26043,8900,0.03,37.56
    26045,8900,0.03,37.59
    26047,8900,0.03,37.62
    26049,8900,0.03,37.65
    26051,8900,0.03,37.68
    26053,8900,0.03,37.71
    26055,8900,0.03,37.74
    26057,8900,0.03,37.77
    26059,8900,0.03,37.80
    26061,8900,0.03,37.83
    26063,8900,0.03,37.86
    26065,8900,0.03,37.89
    26067,8900,0.03,37.92
    26069,8900,0.03,37.95
    26071,8900,0.03,37.98
    26073,8900,0.03,38.01
    26075,8900,0.03,38.04
    26077,8900,0.03,38.07
    26079,8900,0.03,38.10
    26081,8900,0.03,38.13
    26083,8900,0.03,38.16
    26085,8900,0.03,38.19
    26087,8900,0.03,38.22
    26089,8900,0.03,38.25
    26091,8900,0.03,38.28
    26093,8900,0.03,38.31
    26095,8900,0.03,38.34
    26097,8900,0.03,38.37
    26099,8900,0.03,38.40
    26101,8900,0.03,38.43
    26103,8900,0.03,38.46
    26105,8900,0.03,38.49
    26107,8900,0.03,38.52
    26109,8900,0.03,38.55
    26111,8900,0.03,38.58
    26113,8900,0.03,38.61
    26115,8900,0.03,38.64
    26117,8900,0.03,38.67
    26119,8900,0.03,38.70
    26121,8900,0.03,38.73
    26123,8900,0.03,38.76
    26125,8900,0.03,38.79
    26127,8900,0.03,38.82
    26129,8900,0.03,38.85
    26131,8900,0.03,38.88
    26133,8900,0.03,38.91
    26135,8900,0.03,38.94
    26137,8900,0.03,38.97
    26139,8900,0.03,39.00
    26141,8900,0.03,39.03
    26143,8900,0.03,39.06
    26145,8900,0.03,39.09
    26147,8900,0.03,39.12
    26149,8900,0.03,39.15
    26151,8900,0.03,39.18
    26153,8900,0.03,39.21
    26155,8900,0.03,39.24
    26157,8900,0.03,39.27
    26159,8900,0.03,39.30
    26161,8900,0.03,39.33
    26163,8900,0.03,39.36
    26165,8900,0.03,39.39
    27001,8900,0.03,39.42
    27003,8900,0.03,39.45
    27005,8900,0.03,39.48
    27007,8900,0.03,39.51
    27009,8900,0.03,39.54
    27011,8900,0.03,39.57
    27013,8900,0.03,39.60
    27015,8900,0.03,39.63
    27017,8900,0.03,39.66
    27019,8900,0.03,39.69
    27021,8900,0.03,39.72
    27023,8900,0.03,39.75
    27025,8900,0.03,39.78
    27027,8900,0.03,39.81
    27029,8900,0.03,39.84
    27031,8900,0.03,39.87
    27033,8900,0.03,39.90
    27035,8900,0.03,39.93
    27037,8900,0.03,39.96
    27039,8900,0.03,39.99
    27041,8900,0.03,40.02
    27043,8900,0.03,40.05
    27045,8900,0.03,40.08
    27047,8900,0.03,40.11
    27049,8900,0.03,40.14
    27051,8900,0.03,40.17
    27053,8900,0.03,40.20
    27055,8900,0.03,40.23
    27057,8900,0.03,40.26
    27059,8900,0.03,40.29
    27061,8900,0.03,40.32
    27063,8900,0.03,40.35
    27065,8900,0.03,40.38
    27067,8900,0.03,40.41
    27069,8900,0.03,40.44
    27071,8900,0.03,40.47
    27073,8900,0.03,40.50
    27075,8900,0.03,40.53
    27077,8900,0.03,40.56
    27079,8900,0.03,40.59
    27081,8900,0.03,40.62
    27083,8900,0.03,40.65
    27085,8900,0.03,40.68
    27087,8900,0.03,40.71
    27089,8900,0.03,40.74
    27091,8900,0.03,40.77
    27093,8900,0.03,40.80
    27095,8900,0.03,40.83
    27097,8900,0.03,40.86
    27099,8900,0.03,40.89
    27101,8900,0.03,40.92
    27103,8900,0.03,40.95
    27105,8900,0.03,40.98
    27107,8900,0.03,41.01
    27109,8900,0.03,41.04
    27111,8900,0.03,41.07
    27113,8900,0.03,41.10
    27115,8900,0.03,41.13
    27117,8900,0.03,41.16
    27119,8900,0.03,41.19
    27121,8900,0.03,41.22
    27123,8900,0.03,41.25
    27125,8900,0.03,41.28
    27127,8900,0.03,41.31
    27129,8900,0.03,41.34
    27131,8900,0.03,41.37
    27133,8900,0.03,41.40
    27135,8900,0.03,41.43
    27137,8900,0.03,41.46
    27139,8900,0.03,41.49
    27141,8900,0.03,41.52
    27143,8900,0.03,41.55
    27145,8900,0.03,41.58
    27147,8900,0.03,41.61
    27149,8900,0.03,41.64
    27151,8900,0.03,41.67
    27153,8900,0.03,41.70
    27155,8900,0.03,41.73
    27157,8900,0.03,41.76
    27159,8900,0.03,41.79
    27161,8900,0.03,41.82
    27163,8900,0.03,41.85
    27165,8900,0.03,41.88
    27167,8900,0.03,41.91
    27169,8900,0.03,41.94
    27171,8900,0.03,41.97
    27173,8900,0.03,42.00
    28001,8900,0.03,42.03
    28003,8900,0.03,42.06
    28005,8900,0.03,42.09
    28007,8900,0.03,42.12
    28009,8900,0.03,42.15
    28011,8900,0.03,42.18
    28013,8900,0.03,42.21
    28015,8900,0.03,42.24
    28017,8900,0.03,42.27
    28019,8900,0.03,42.30
    28021,8900,0.03,42.33
    28023,8900,0.03,42.36
    28025,8900,0.03,42.39
    28027,8900,0.03,42.42
    28029,8900,0.03,42.45
    28031,8900,0.03,42.48
    28033,8900,0.03,42.51
    28035,8900,0.03,42.54
    28037,8900,0.03,42.57
    28039,8900,0.03,42.60
    28041,8900,0.03,42.63
    28043,8900,0.03,42.66
    28045,8900,0.03,42.69
    28047,8900,0.03,42.72
    28049,8900,0.03,42.75
    28051,8900,0.03,42.78
    28053,8900,0.03,42.81
    28055,8900,0.03,42.84
    28057,8900,0.03,42.87
    28059,8900,0.03,42.90
    28061,8900,0.03,42.93
    28063,8900,0.03,42.96
    28065,8900,0.03,42.99
    28067,8900,0.03,43.02
    28069,8900,0.03,43.05
    28071,8900,0.03,43.08
    28073,8900,0.03,43.11
    28075,8900,0.03,43.14
    28077,8900,0.03,43.17
    28079,8900,0.03,43.20
    28081,8900,0.03,43.23
    28083,8900,0.03,43.26
    28085,8900,0.03,43.29
    28087,8900,0.03,43.32
    28089,8900,0.03,43.35
    28091,8900,0.03,43.38
    28093,8900,0.03,43.41
    28095,8900,0.03,43.44
    28097,8900,0.03,43.47
    28099,8900,0.03,43.50
    28101,8900,0.03,43.53
    28103,8900,0.03,43.56
    28105,8900,0.03,43.59
    28107,8900,0.03,43.62
    28109,8900,0.03,43.65
    28111,8900,0.03,43.68
    28113,8900,0.03,43.71
    28115,8900,0.03,43.74
    28117,8900,0.03,43.77
    28119,8900,0.03,43.80
    28121,8900,0.03,43.83
    28123,8900,0.03,43.86
    28125,8900,0.03,43.89
    28127,8900,0.03,43.92
    28129,8900,0.03,43.95
    28131,8900,0.03,43.98
    28133,8900,0.03,44.01
    28135,8900,0.03,44.04
    28137,8900,0.03,44.07
    28139,8900,0.03,44.10
    28141,8900,0.03,44.13
    28143,8900,0.03,44.16
    28145,8900,0.03,44.19
    28147,8900,0.03,44.22
    28149,8900,0.03,44.25
    28151,8900,0.03,44.28
    28153,8900,0.03,44.31
    28155,8900,0.03,44.34
    28157,8900,0.03,44.37
    28159,8900,0.03,44.40
    28161,8900,0.03,44.43
    28163,8900,0.03,44.46
    29001,8900,0.03,44.49
    29003,8900,0.03,44.52
    29005,8900,0.03,44.55
    29007,8900,0.03,44.58
    29009,8900,0.03,44.61
    29011,8900,0.03,44.64
    29013,8900,0.03,44.67
    29015,8900,0.03,44.70
    29017,8900,0.03,44.73
    29019,8900,0.03,44.76
    29021,8900,0.03,44.79
    29023,8900,0.03,44.82
    29025,8900,0.03,44.85
    29027,8900,0.03,44.88
    29029,8900,0.03,44.91
    29031,8900,0.03,44.94
    29033,8900,0.03,44.97
    29035,8900,0.03,45.00
    29037,8900,0.03,45.03
    29039,8900,0.03,45.06
    29041,8900,0.03,45.09
    29043,8900,0.03,45.12
    29045,8900,0.03,45.15
    29047,8900,0.03,45.18
    29049,8900,0.03,45.21
    29051,8900,0.03,45.24
    29053,8900,0.03,45.27
    29055,8900,0.03,45.30
    29057,8900,0.03,45.33
    29059,8900,0.03,45.36
    29061,8900,0.03,45.39
    29063,8900,0.03,45.42
    29065,8900,0.03,45.45
    29067,8900,0.03,45.48
    29069,8900,0.03,45.51
    29071,8900,0.03,45.54
    29073,8900,0.03,45.57
    29075,8900,0.03,45.60
    29077,8900,0.03,45.63
    29079,8900,0.03,45.66
    29081,8900,0.03,45.69
    29083,8900,0.03,45.72
    29085,8900,0.03,45.75
    29087,8900,0.03,45.78
    29089,8900,0.03,45.81
    29091,8900,0.03,45.84
    29093,8900,0.03,45.87
    29095,8900,0.03,45.90
    29097,8900,0.03,45.93
    29099,8900,0.03,45.96
    29101,8900,0.03,45.99
    29103,8900,0.03,46.02
    29105,8900,0.03,46.05
    29107,8900,0.03,46.08
    29109,8900,0.03,46.11
    29111,8900,0.03,46.14
    29113,8900,0.03,46.17
    29115,8900,0.03,46.20
    29117,8900,0.03,46.23
    29119,8900,0.03,46.26
    29121,8900,0.03,46.29
    29123,8900,0.03,46.32
    29125,8900,0.03,46.35
    29127,8900,0.03,46.38
    29129,8900,0.03,46.41
    29131,8900,0.03,46.44
    29133,8900,0.03,46.47
    29135,8900,0.03,46.50
    29137,8900,0.03,46.53
    29139,8900,0.03,46.56
    29141,8900,0.03,46.59
    29143,8900,0.03,46.62
    29145,8900,0.03,46.65
    29147,8900,0.03,46.68
    29149,8900,0.03,46.71
    29151,8900,0.03,46.74
    29153,8900,0.03,46.77
    29155,8900,0.03,46.80
    29157,8900,0.03,46.83
    29159,8900,0.03,46.86
    29161,8900,0.03,46.89
    29163,8900,0.03,46.92
    29165,8900,0.03,46.95
    29167,8900,0.03,46.98
    29169,8900,0.03,47.01
    29171,8900,0.03,47.04
    29173,8900,0.03,47.07
    29175,8900,0.03,47.10
    29177,8900,0.03,47.13
    29179,8900,0.03,47.16
    29181,8900,0.03,47.19
    29183,8900,0.03,47.22
    29185,8900,0.03,47.25
    29186,8900,0.03,47.28
    29187,8900,0.03,47.31
    29189,8900,0.03,47.34
    29195,8900,0.03,47.37
    29197,8900,0.03,47.40
    29199,8900,0.03,47.43
    29201,8900,0.03,47.46
    29203,8900,0.03,47.49
    29205,8900,0.03,47.52
    29207,8900,0.03,47.55
    29209,8900,0.03,47.58
    29211,8900,0.03,47.61
    29213,8900,0.03,47.64
    29215,8900,0.03,47.67
    29217,8900,0.03,47.70
    29219,8900,0.03,47.73
    29221,8900,0.03,47.76
    29223,8900,0.03,47.79
    29225,8900,0.03,47.82
    29227,8900,0.03,47.85
    29229,8900,0.03,47.88
    29510,8900,0.03,47.91
    30001,8900,0.03,47.94
    30003,8900,0.03,47.97
    30005,8900,0.03,48.00
    30007,8900,0.03,48.03
    30009,8900,0.03,48.06
    30011,8900,0.03,48.09
    30013,8900,0.03,48.12
    30015,8900,0.03,48.15
    30017,8900,0.03,48.18
    30019,8900,0.03,48.21
    30021,8900,0.03,48.24
    30023,8900,0.03,48.27
    30025,8900,0.03,48.30
    30027,8900,0.03,48.33
    30029,8900,0.03,48.36
    30031,8900,0.03,48.39
    30033,8900,0.03,48.42
    30035,8900,0.03,48.45
    30037,8900,0.03,48.48
    30039,8900,0.03,48.51
    30041,8900,0.03,48.54
    30043,8900,0.03,48.57
    30045,8900,0.03,48.60
    30047,8900,0.03,48.63
    30049,8900,0.03,48.66
    30051,8900,0.03,48.69
    30053,8900,0.03,48.72
    30055,8900,0.03,48.75
    30057,8900,0.03,48.78
    30059,8900,0.03,48.81
    30061,8900,0.03,48.84
    30063,8900,0.03,48.87
    30065,8900,0.03,48.90
    30067,8900,0.03,48.93
    30069,8900,0.03,48.96
    30071,8900,0.03,48.99
    30073,8900,0.03,49.02
    30075,8900,0.03,49.05
    30077,8900,0.03,49.08
    30079,8900,0.03,49.11
    30081,8900,0.03,49.14
    30083,8900,0.03,49.17
    30085,8900,0.03,49.20
    30087,8900,0.03,49.23
    30089,8900,0.03,49.26
    30091,8900,0.03,49.29
    30093,8900,0.03,49.32
    30095,8900,0.03,49.35
    30097,8900,0.03,49.38
    30099,8900,0.03,49.41
    30101,8900,0.03,49.44
    30103,8900,0.03,49.47
    30105,8900,0.03,49.50
    30107,8900,0.03,49.53
    30109,8900,0.03,49.56
    30111,8900,0.03,49.59
    31001,8900,0.03,49.62
    31003,8900,0.03,49.65
    31005,8900,0.03,49.68
    31007,8900,0.03,49.71
    31009,8900,0.03,49.74
    31011,8900,0.03,49.77
    31013,8900,0.03,49.80
    31015,8900,0.03,49.83
    31017,8900,0.03,49.86
    31019,8900,0.03,49.89
    31021,8900,0.03,49.92
    31023,8900,0.03,49.95
    31025,8900,0.03,49.98
    31027,8900,0.03,50.01
    31029,8900,0.03,50.04
    31031,8900,0.03,50.07
    31033,8900,0.03,50.10
    31035,8900,0.03,50.13
    31037,8900,0.03,50.16
    31039,8900,0.03,50.19
    31041,8900,0.03,50.22
    31043,8900,0.03,50.25
    31045,8900,0.03,50.28
    31047,8900,0.03,50.31
    31049,8900,0.03,50.34
    31051,8900,0.03,50.37
    31053,8900,0.03,50.40
    31055,8900,0.03,50.43
    31057,8900,0.03,50.46
    31059,8900,0.03,50.49
    31061,8900,0.03,50.52
    31063,8900,0.03,50.55
    31065,8900,0.03,50.58
    31067,8900,0.03,50.61
    31069,8900,0.03,50.64
    31071,8900,0.03,50.67
    31073,8900,0.03,50.70
    31075,8900,0.03,50.73
    31077,8900,0.03,50.76
    31079,8900,0.03,50.79
    31081,8900,0.03,50.82
    31083,8900,0.03,50.85
    31085,8900,0.03,50.88
    31087,8900,0.03,50.91
    31089,8900,0.03,50.94
    31091,8900,0.03,50.97
    31093,8900,0.03,51.00
    31095,8900,0.03,51.03
    31097,8900,0.03,51.06
    31099,8900,0.03,51.09
    31101,8900,0.03,51.12
    31103,8900,0.03,51.15
    31105,8900,0.03,51.18
    31107,8900,0.03,51.21
    31109,8900,0.03,51.24
    31111,8900,0.03,51.27
    31113,8900,0.03,51.30
    31115,8900,0.03,51.33
    31117,8900,0.03,51.36
    31119,8900,0.03,51.39
    31121,8900,0.03,51.42
    31123,8900,0.03,51.45
    31125,8900,0.03,51.48
    31127,8900,0.03,51.51
    31129,8900,0.03,51.54
    31131,8900,0.03,51.57
    31133,8900,0.03,51.60
    31135,8900,0.03,51.63
    31137,8900,0.03,51.66
    31139,8900,0.03,51.69
    31141,8900,0.03,51.72
    31143,8900,0.03,51.75
    31145,8900,0.03,51.78
    31147,8900,0.03,51.81
    31149,8900,0.03,51.84
    31151,8900,0.03,51.87
    31153,8900,0.03,51.90
    31155,8900,0.03,51.93
    31157,8900,0.03,51.96
    31159,8900,0.03,51.99
    31161,8900,0.03,52.02
    31163,8900,0.03,52.05
    31165,8900,0.03,52.08
    31167,8900,0.03,52.11
    31169,8900,0.03,52.14
    31171,8900,0.03,52.17
    31173,8900,0.03,52.20
    31175,8900,0.03,52.23
    31177,8900,0.03,52.26
    31179,8900,0.03,52.29
    31181,8900,0.03,52.32
    31183,8900,0.03,52.35
    31185,8900,0.03,52.38
    32001,8900,0.03,52.41
    32003,8900,0.03,52.44
    32005,8900,0.03,52.47
    32007,8900,0.03,52.50
    32009,8900,0.03,52.53
    32011,8900,0.03,52.56
    32013,8900,0.03,52.59
    32015,8900,0.03,52.62
    32017,8900,0.03,52.65
    32019,8900,0.03,52.68
    32021,8900,0.03,52.71
    32023,8900,0.03,52.74
    32027,8900,0.03,52.77
    32029,8900,0.03,52.80
    32031,8900,0.03,52.83
    32033,8900,0.03,52.86
    32510,8900,0.03,52.89
    33001,8900,0.03,52.92
    33003,8900,0.03,52.95
    33005,8900,0.03,52.98
    33007,8900,0.03,53.01
    33009,8900,0.03,53.04
    33011,8900,0.03,53.07
    33013,8900,0.03,53.10
    33015,8900,0.03,53.13
    33017,8900,0.03,53.16
    33019,8900,0.03,53.19
    34001,8900,0.03,53.22
    34003,8900,0.03,53.25
    34005,8900,0.03,53.28
    34007,8900,0.03,53.31
    34009,8900,0.03,53.34
    34011,8900,0.03,53.37
    34013,8900,0.03,53.40
    34015,8900,0.03,53.43
    34017,8900,0.03,53.46
    34019,8900,0.03,53.49
    34021,8900,0.03,53.52
    34023,8900,0.03,53.55
    34025,8900,0.03,53.58
    34027,8900,0.03,53.61
    34029,8900,0.03,53.64
    34031,8900,0.03,53.67
    34033,8900,0.03,53.70
    34035,8900,0.03,53.73
    34037,8900,0.03,53.76
    34039,8900,0.03,53.79
    34041,8900,0.03,53.82
    35001,8900,0.03,53.85
    35003,8900,0.03,53.88
    35005,8900,0.03,53.91
    35006,8900,0.03,53.94
    35007,8900,0.03,53.97
    35009,8900,0.03,54.00
    35011,8900,0.03,54.03
    35013,8900,0.03,54.06
    35015,8900,0.03,54.09
    35017,8900,0.03,54.12
    35019,8900,0.03,54.15
    35021,8900,0.03,54.18
    35023,8900,0.03,54.21
    35025,8900,0.03,54.24
    35027,8900,0.03,54.27
    35028,8900,0.03,54.30
    35029,8900,0.03,54.33
    35031,8900,0.03,54.36
    35033,8900,0.03,54.39
    35035,8900,0.03,54.42
    35037,8900,0.03,54.45
    35039,8900,0.03,54.48
    35041,8900,0.03,54.51
    35043,8900,0.03,54.54
    35045,8900,0.03,54.57
    35047,8900,0.03,54.60
    35049,8900,0.03,54.63
    35051,8900,0.03,54.66
    35053,8900,0.03,54.69
    35055,8900,0.03,54.72
    35057,8900,0.03,54.75
    35059,8900,0.03,54.78
    35061,8900,0.03,54.81
    36001,8900,0.03,54.84
    36003,8900,0.03,54.87
    36005,8900,0.03,54.90
    36007,8900,0.03,54.93
    36009,8900,0.03,54.96
    36011,8900,0.03,54.99
    36013,8900,0.03,55.02
    36015,8900,0.03,55.05
    36017,8900,0.03,55.08
    36019,8900,0.03,55.11
    36021,8900,0.03,55.14
    36023,8900,0.03,55.17
    36025,8900,0.03,55.20
    36027,8900,0.03,55.23
    36029,8900,0.03,55.26
    36031,8900,0.03,55.29
    36033,8900,0.03,55.32
    36035,8900,0.03,55.35
    36037,8900,0.03,55.38
    36039,8900,0.03,55.41
    36041,8900,0.03,55.44
    36043,8900,0.03,55.47
    36045,8900,0.03,55.50
    36047,8900,0.03,55.53
    36049,8900,0.03,55.56
    36051,8900,0.03,55.59
    36053,8900,0.03,55.62
    36055,8900,0.03,55.65
    36057,8900,0.03,55.68
    36059,8900,0.03,55.71
    36061,8900,0.03,55.74
    36063,8900,0.03,55.77
    36065,8900,0.03,55.80
    36067,8900,0.03,55.83
    36069,8900,0.03,55.86
    36071,8900,0.03,55.89
    36073,8900,0.03,55.92
    36075,8900,0.03,55.95
    36077,8900,0.03,55.98
    36079,8900,0.03,56.01
    36081,8900,0.03,56.04
    36083,8900,0.03,56.07
    36085,8900,0.03,56.10
    36087,8900,0.03,56.13
    36089,8900,0.03,56.16
    36091,8900,0.03,56.19
    36093,8900,0.03,56.22
    36095,8900,0.03,56.25
    36097,8900,0.03,56.28
    36099,8900,0.03,56.31
    36101,8900,0.03,56.34
    36103,8900,0.03,56.37
    36105,8900,0.03,56.40
    36107,8900,0.03,56.43
    36109,8900,0.03,56.46
    36111,8900,0.03,56.49
    36113,8900,0.03,56.52
    36115,8900,0.03,56.55
    36117,8900,0.03,56.58
    36119,8900,0.03,56.61
    36121,8900,0.03,56.64
    36123,8900,0.03,56.67
    37001,8900,0.03,56.70
    37003,8900,0.03,56.73
    37005,8900,0.03,56.76
    37007,8900,0.03,56.79
    37009,8900,0.03,56.82
    37011,8900,0.03,56.85
    37013,8900,0.03,56.88
    37015,8900,0.03,56.91
    37017,8900,0.03,56.94
    37019,8900,0.03,56.97
    37021,8900,0.03,57.00
    37023,8900,0.03,57.03
    37025,8900,0.03,57.06
    37027,8900,0.03,57.09
    37029,8900,0.03,57.12
    37031,8900,0.03,57.15
    37033,8900,0.03,57.18
    37035,8900,0.03,57.21
    37037,8900,0.03,57.24
    37039,8900,0.03,57.27
    37041,8900,0.03,57.30
    37043,8900,0.03,57.33
    37045,8900,0.03,57.36
    37047,8900,0.03,57.39
    37049,8900,0.03,57.42
    37051,8900,0.03,57.45
    37053,8900,0.03,57.48
    37055,8900,0.03,57.51
    37057,8900,0.03,57.54
    37059,8900,0.03,57.57
    37061,8900,0.03,57.60
    37063,8900,0.03,57.63
    37065,8900,0.03,57.66
    37067,8900,0.03,57.69
    37069,8900,0.03,57.72
    37071,8900,0.03,57.75
    37073,8900,0.03,57.78
    37075,8900,0.03,57.81
    37077,8900,0.03,57.84
    37079,8900,0.03,57.87
    37081,8900,0.03,57.90
    37083,8900,0.03,57.93
    37085,8900,0.03,57.96
    37087,8900,0.03,57.99
    37089,8900,0.03,58.02
    37091,8900,0.03,58.05
    37093,8900,0.03,58.08
    37095,8900,0.03,58.11
    37097,8900,0.03,58.14
    37099,8900,0.03,58.17
    37101,8900,0.03,58.20
    37103,8900,0.03,58.23
    37105,8900,0.03,58.26
    37107,8900,0.03,58.29
    37109,8900,0.03,58.32
    37111,8900,0.03,58.35
    37113,8900,0.03,58.38
    37115,8900,0.03,58.41
    37117,8900,0.03,58.44
    37119,8900,0.03,58.47
    37121,8900,0.03,58.50
    37123,8900,0.03,58.53
    37125,8900,0.03,58.56
    37127,8900,0.03,58.59
    37129,8900,0.03,58.62
    37131,8900,0.03,58.65
    37133,8900,0.03,58.68
    37135,8900,0.03,58.71
    37137,8900,0.03,58.74
    37139,8900,0.03,58.77
    37141,8900,0.03,58.80
    37143,8900,0.03,58.83
    37145,8900,0.03,58.86
    37147,8900,0.03,58.89
    37149,8900,0.03,58.92
    37151,8900,0.03,58.95
    37153,8900,0.03,58.98
    37155,8900,0.03,59.01
    37157,8900,0.03,59.04
    37159,8900,0.03,59.07
    37161,8900,0.03,59.10
    37163,8900,0.03,59.13
    37165,8900,0.03,59.16
    37167,8900,0.03,59.19
    37169,8900,0.03,59.22
    37171,8900,0.03,59.25
    37173,8900,0.03,59.28
    37175,8900,0.03,59.31
    37177,8900,0.03,59.34
    37179,8900,0.03,59.37
    37181,8900,0.03,59.40
    37183,8900,0.03,59.43
    37185,8900,0.03,59.46
    37187,8900,0.03,59.49
    37189,8900,0.03,59.52
    37191,8900,0.03,59.55
    37193,8900,0.03,59.58
    37195,8900,0.03,59.61
    37197,8900,0.03,59.64
    37199,8900,0.03,59.67
    38001,8900,0.03,59.70
    38003,8900,0.03,59.73
    38005,8900,0.03,59.76
    38007,8900,0.03,59.79
    38009,8900,0.03,59.82
    38011,8900,0.03,59.85
    38013,8900,0.03,59.88
    38015,8900,0.03,59.91
    38017,8900,0.03,59.94
    38019,8900,0.03,59.97
    38021,8900,0.03,60.00
    38023,8900,0.03,60.03
    38025,8900,0.03,60.06
    38027,8900,0.03,60.09
    38029,8900,0.03,60.12
    38031,8900,0.03,60.15
    38033,8900,0.03,60.18
    38035,8900,0.03,60.21
    38037,8900,0.03,60.24
    38039,8900,0.03,60.27
    38041,8900,0.03,60.30
    38043,8900,0.03,60.33
    38045,8900,0.03,60.36
    38047,8900,0.03,60.39
    38049,8900,0.03,60.42
    38051,8900,0.03,60.45
    38053,8900,0.03,60.48
    38055,8900,0.03,60.51
    38057,8900,0.03,60.54
    38059,8900,0.03,60.57
    38061,8900,0.03,60.60
    38063,8900,0.03,60.63
    38065,8900,0.03,60.66
    38067,8900,0.03,60.69
    38069,8900,0.03,60.72
    38071,8900,0.03,60.75
    38073,8900,0.03,60.78
    38075,8900,0.03,60.81
    38077,8900,0.03,60.84
    38079,8900,0.03,60.87
    38081,8900,0.03,60.90
    38083,8900,0.03,60.93
    38085,8900,0.03,60.96
    38087,8900,0.03,60.99
    38089,8900,0.03,61.02
    38091,8900,0.03,61.05
    38093,8900,0.03,61.08
    38095,8900,0.03,61.11
    38097,8900,0.03,61.14
    38099,8900,0.03,61.17
    38101,8900,0.03,61.20
    38103,8900,0.03,61.23
    38105,8900,0.03,61.26
    39001,8900,0.03,61.29
    39003,8900,0.03,61.32
    39005,8900,0.03,61.35
    39007,8900,0.03,61.38
    39009,8900,0.03,61.41
    39011,8900,0.03,61.44
    39013,8900,0.03,61.47
    39015,8900,0.03,61.50
    39017,8900,0.03,61.53
    39019,8900,0.03,61.56
    39021,8900,0.03,61.59
    39023,8900,0.03,61.62
    39025,8900,0.03,61.65
    39027,8900,0.03,61.68
    39029,8900,0.03,61.71
    39031,8900,0.03,61.74
    39033,8900,0.03,61.77
    39035,8900,0.03,61.80
    39037,8900,0.03,61.83
    39039,8900,0.03,61.86
    39041,8900,0.03,61.89
    39043,8900,0.03,61.92
    39045,8900,0.03,61.95
    39047,8900,0.03,61.98
    39049,8900,0.03,62.01
    39051,8900,0.03,62.04
    39053,8900,0.03,62.07
    39055,8900,0.03,62.10
    39057,8900,0.03,62.13
    39059,8900,0.03,62.16
    39061,8900,0.03,62.19
    39063,8900,0.03,62.22
    39065,8900,0.03,62.25
    39067,8900,0.03,62.28
    39069,8900,0.03,62.31
    39071,8900,0.03,62.34
    39073,8900,0.03,62.37
    39075,8900,0.03,62.40
    39077,8900,0.03,62.43
    39079,8900,0.03,62.46
    39081,8900,0.03,62.49
    39083,8900,0.03,62.52
    39085,8900,0.03,62.55
    39087,8900,0.03,62.58
    39089,8900,0.03,62.61
    39091,8900,0.03,62.64
    39093,8900,0.03,62.67
    39095,8900,0.03,62.70
    39097,8900,0.03,62.73
    39099,8900,0.03,62.76
    39101,8900,0.03,62.79
    39103,8900,0.03,62.82
    39105,8900,0.03,62.85
    39107,8900,0.03,62.88
    39109,8900,0.03,62.91
    39111,8900,0.03,62.94
    39113,8900,0.03,62.97
    39115,8900,0.03,63.00
    39117,8900,0.03,63.03
    39119,8900,0.03,63.06
    39121,8900,0.03,63.09
    39123,8900,0.03,63.12
    39125,8900,0.03,63.15
    39127,8900,0.03,63.18
    39129,8900,0.03,63.21
    39131,8900,0.03,63.24
    39133,8900,0.03,63.27
    39135,8900,0.03,63.30
    39137,8900,0.03,63.33
    39139,8900,0.03,63.36
    39141,8900,0.03,63.39
    39143,8900,0.03,63.42
    39145,8900,0.03,63.45
    39147,8900,0.03,63.48
    39149,8900,0.03,63.51
    39151,8900,0.03,63.54
    39153,8900,0.03,63.57
    39155,8900,0.03,63.60
    39157,8900,0.03,63.63
    39159,8900,0.03,63.66
    39161,8900,0.03,63.69
    39163,8900,0.03,63.72
    39165,8900,0.03,63.75
    39167,8900,0.03,63.78
    39169,8900,0.03,63.81
    39171,8900,0.03,63.84
    39173,8900,0.03,63.87
    39175,8900,0.03,63.90
    40001,8900,0.03,63.93
    40003,8900,0.03,63.96
    40005,8900,0.03,63.99
    40007,8900,0.03,64.02
    40009,8900,0.03,64.05
    40011,8900,0.03,64.08
    40013,8900,0.03,64.11
    40015,8900,0.03,64.14
    40017,8900,0.03,64.17
    40019,8900,0.03,64.20
    40021,8900,0.03,64.23
    40023,8900,0.03,64.26
    40025,8900,0.03,64.29
    40027,8900,0.03,64.32
    40029,8900,0.03,64.35
    40031,8900,0.03,64.38
    40033,8900,0.03,64.41
    40035,8900,0.03,64.44
    40037,8900,0.03,64.47
    40039,8900,0.03,64.50
    40041,8900,0.03,64.53
    40043,8900,0.03,64.56
    40045,8900,0.03,64.59
    40047,8900,0.03,64.62
    40049,8900,0.03,64.65
    40051,8900,0.03,64.68
    40053,8900,0.03,64.71
    40055,8900,0.03,64.74
    40057,8900,0.03,64.77
    40059,8900,0.03,64.80
    40061,8900,0.03,64.83
    40063,8900,0.03,64.86
    40065,8900,0.03,64.89
    40067,8900,0.03,64.92
    40069,8900,0.03,64.95
    40071,8900,0.03,64.98
    40073,8900,0.03,65.01
    40075,8900,0.03,65.04
    40077,8900,0.03,65.07
    40079,8900,0.03,65.10
    40081,8900,0.03,65.13
    40083,8900,0.03,65.16
    40085,8900,0.03,65.19
    40087,8900,0.03,65.22
    40089,8900,0.03,65.25
    40091,8900,0.03,65.28
    40093,8900,0.03,65.31
    40095,8900,0.03,65.34
    40097,8900,0.03,65.37
    40099,8900,0.03,65.40
    40101,8900,0.03,65.43
    40103,8900,0.03,65.46
    40105,8900,0.03,65.49
    40107,8900,0.03,65.52
    40109,8900,0.03,65.55
    40111,8900,0.03,65.58
    40113,8900,0.03,65.61
    40115,8900,0.03,65.64
    40117,8900,0.03,65.67
    40119,8900,0.03,65.70
    40121,8900,0.03,65.73
    40123,8900,0.03,65.76
    40125,8900,0.03,65.79
    40127,8900,0.03,65.82
    40129,8900,0.03,65.85
    40131,8900,0.03,65.88
    40133,8900,0.03,65.91
    40135,8900,0.03,65.94
    40137,8900,0.03,65.97
    40139,8900,0.03,66.00
    40141,8900,0.03,66.03
    40143,8900,0.03,66.06
    40145,8900,0.03,66.09
    40147,8900,0.03,66.12
    40149,8900,0.03,66.15
    40151,8900,0.03,66.18
    40153,8900,0.03,66.21
    41001,8900,0.03,66.24
    41003,8900,0.03,66.27
    41005,8900,0.03,66.30
    41007,8900,0.03,66.33
    41009,8900,0.03,66.36
    41011,8900,0.03,66.39
    41013,8900,0.03,66.42
    41015,8900,0.03,66.45
    41017,8900,0.03,66.48
    41019,8900,0.03,66.51
    41021,8900,0.03,66.54
    41023,8900,0.03,66.57
    41025,8900,0.03,66.60
    41027,8900,0.03,66.63
    41029,8900,0.03,66.66
    41031,8900,0.03,66.69
    41033,8900,0.03,66.72
    41035,8900,0.03,66.75
    41037,8900,0.03,66.78
    41039,8900,0.03,66.81
    41041,8900,0.03,66.84
    41043,8900,0.03,66.87
    41045,8900,0.03,66.90
    41047,8900,0.03,66.93
    41049,8900,0.03,66.96
    41051,8900,0.03,66.99
    41053,8900,0.03,67.02
    41055,8900,0.03,67.05
    41057,8900,0.03,67.08
    41059,8900,0.03,67.11
    41061,8900,0.03,67.14
    41063,8900,0.03,67.17
    41065,8900,0.03,67.20
    41067,8900,0.03,67.23
    41069,8900,0.03,67.26
    41071,8900,0.03,67.29
    42001,8900,0.03,67.32
    42003,8900,0.03,67.35
    42005,8900,0.03,67.38
    42007,8900,0.03,67.41
    42009,8900,0.03,67.44
    42011,8900,0.03,67.47
    42013,8900,0.03,67.50
    42015,8900,0.03,67.53
    42017,8900,0.03,67.56
    42019,8900,0.03,67.59
    42021,8900,0.03,67.62
    42023,8900,0.03,67.65
    42025,8900,0.03,67.68
    42027,8900,0.03,67.71
    42029,8900,0.03,67.74
    42031,8900,0.03,67.77
    42033,8900,0.03,67.80
    42035,8900,0.03,67.83
    42037,8900,0.03,67.86
    42039,8900,0.03,67.89
    42041,8900,0.03,67.92
    42043,8900,0.03,67.95
    42045,8900,0.03,67.98
    42047,8900,0.03,68.01
    42049,8900,0.03,68.04
    42051,8900,0.03,68.07
    42053,8900,0.03,68.10
    42055,8900,0.03,68.13
    42057,8900,0.03,68.16
    42059,8900,0.03,68.19
    42061,8900,0.03,68.22
    42063,8900,0.03,68.25
    42065,8900,0.03,68.28
    42067,8900,0.03,68.31
    42069,8900,0.03,68.34
    42071,8900,0.03,68.37
    42073,8900,0.03,68.40
    42075,8900,0.03,68.43
    42077,8900,0.03,68.46
    42079,8900,0.03,68.49
    42081,8900,0.03,68.52
    42083,8900,0.03,68.55
    42085,8900,0.03,68.58
    42087,8900,0.03,68.61
    42089,8900,0.03,68.64
    42091,8900,0.03,68.67
    42093,8900,0.03,68.70
    42095,8900,0.03,68.73
    42097,8900,0.03,68.76
    42099,8900,0.03,68.79
    42101,8900,0.03,68.82
    42103,8900,0.03,68.85
    42105,8900,0.03,68.88
    42107,8900,0.03,68.91
    42109,8900,0.03,68.94
    42111,8900,0.03,68.97
    42113,8900,0.03,69.00
    42115,8900,0.03,69.03
    42117,8900,0.03,69.06
    42119,8900,0.03,69.09
    42121,8900,0.03,69.12
    42123,8900,0.03,69.15
    42125,8900,0.03,69.18
    42127,8900,0.03,69.21
    42129,8900,0.03,69.24
    42131,8900,0.03,69.27
    42133,8900,0.03,69.30
    44001,8900,0.03,69.33
    44003,8900,0.03,69.36
    44005,8900,0.03,69.39
    44007,8900,0.03,69.42
    44009,8900,0.03,69.45
    45001,8900,0.03,69.48
    45003,8900,0.03,69.51
    45005,8900,0.03,69.54
    45007,8900,0.03,69.57
    45009,8900,0.03,69.60
    45011,8900,0.03,69.63
    45013,8900,0.03,69.66
    45015,8900,0.03,69.69
    45017,8900,0.03,69.72
    45019,8900,0.03,69.75
    45021,8900,0.03,69.78
    45023,8900,0.03,69.81
    45025,8900,0.03,69.84
    45027,8900,0.03,69.87
    45029,8900,0.03,69.90
    45031,8900,0.03,69.93
    45033,8900,0.03,69.96
    45035,8900,0.03,69.99
    45037,8900,0.03,70.02
    45039,8900,0.03,70.05
    45041,8900,0.03,70.08
    45043,8900,0.03,70.11
    45045,8900,0.03,70.14
    45047,8900,0.03,70.17
    45049,8900,0.03,70.20
    45051,8900,0.03,70.23
    45053,8900,0.03,70.26
    45055,8900,0.03,70.29
    45057,8900,0.03,70.32
    45059,8900,0.03,70.35
    45061,8900,0.03,70.38
    45063,8900,0.03,70.41
    45065,8900,0.03,70.44
    45067,8900,0.03,70.47
    45069,8900,0.03,70.50
    45071,8900,0.03,70.53
    45073,8900,0.03,70.56
    45075,8900,0.03,70.59
    45077,8900,0.03,70.62
    45079,8900,0.03,70.65
    45081,8900,0.03,70.68
    45083,8900,0.03,70.71
    45085,8900,0.03,70.74
    45087,8900,0.03,70.77
    45089,8900,0.03,70.80
    45091,8900,0.03,70.83
    46003,8900,0.03,70.86
    46005,8900,0.03,70.89
    46007,8900,0.03,70.92
    46009,8900,0.03,70.95
    46011,8900,0.03,70.98
    46013,8900,0.03,71.01
    46015,8900,0.03,71.04
    46017,8900,0.03,71.07
    46019,8900,0.03,71.10
    46021,8900,0.03,71.13
    46023,8900,0.03,71.16
    46025,8900,0.03,71.19
    46027,8900,0.03,71.22
    46029,8900,0.03,71.25
    46031,8900,0.03,71.28
    46033,8900,0.03,71.31
    46035,8900,0.03,71.34
    46037,8900,0.03,71.37
    46039,8900,0.03,71.40
    46041,8900,0.03,71.43
    46043,8900,0.03,71.46
    46045,8900,0.03,71.49
    46047,8900,0.03,71.52
    46049,8900,0.03,71.55
    46051,8900,0.03,71.58
    46053,8900,0.03,71.61
    46055,8900,0.03,71.64
    46057,8900,0.03,71.67
    46059,8900,0.03,71.70
    46061,8900,0.03,71.73
    46063,8900,0.03,71.76
    46065,8900,0.03,71.79
    46067,8900,0.03,71.82
    46069,8900,0.03,71.85
    46071,8900,0.03,71.88
    46073,8900,0.03,71.91
    46075,8900,0.03,71.94
    46077,8900,0.03,71.97
    46079,8900,0.03,72.00
    46081,8900,0.03,72.03
    46083,8900,0.03,72.06
    46085,8900,0.03,72.09
    46087,8900,0.03,72.12
    46089,8900,0.03,72.15
    46091,8900,0.03,72.18
    46093,8900,0.03,72.21
    46095,8900,0.03,72.24
    46097,8900,0.03,72.27
    46099,8900,0.03,72.30
    46101,8900,0.03,72.33
    46103,8900,0.03,72.36
    46105,8900,0.03,72.39
    46107,8900,0.03,72.42
    46109,8900,0.03,72.45
    46111,8900,0.03,72.48
    46113,8900,0.03,72.51
    46115,8900,0.03,72.54
    46117,8900,0.03,72.57
    46119,8900,0.03,72.60
    46121,8900,0.03,72.63
    46123,8900,0.03,72.66
    46125,8900,0.03,72.69
    46127,8900,0.03,72.72
    46129,8900,0.03,72.75
    46135,8900,0.03,72.78
    46137,8900,0.03,72.81
    47001,8900,0.03,72.84
    47003,8900,0.03,72.87
    47005,8900,0.03,72.90
    47007,8900,0.03,72.93
    47009,8900,0.03,72.96
    47011,8900,0.03,72.99
    47013,8900,0.03,73.02
    47015,8900,0.03,73.05
    47017,8900,0.03,73.08
    47019,8900,0.03,73.11
    47021,8900,0.03,73.14
    47023,8900,0.03,73.17
    47025,8900,0.03,73.20
    47027,8900,0.03,73.23
    47029,8900,0.03,73.26
    47031,8900,0.03,73.29
    47033,8900,0.03,73.32
    47035,8900,0.03,73.35
    47037,8900,0.03,73.38
    47039,8900,0.03,73.41
    47041,8900,0.03,73.44
    47043,8900,0.03,73.47
    47045,8900,0.03,73.50
    47047,8900,0.03,73.53
    47049,8900,0.03,73.56
    47051,8900,0.03,73.59
    47053,8900,0.03,73.62
    47055,8900,0.03,73.65
    47057,8900,0.03,73.68
    47059,8900,0.03,73.71
    47061,8900,0.03,73.74
    47063,8900,0.03,73.77
    47065,8900,0.03,73.80
    47067,8900,0.03,73.83
    47069,8900,0.03,73.86
    47071,8900,0.03,73.89
    47073,8900,0.03,73.92
    47075,8900,0.03,73.95
    47077,8900,0.03,73.98
    47079,8900,0.03,74.01
    47081,8900,0.03,74.04
    47083,8900,0.03,74.07
    47085,8900,0.03,74.10
    47087,8900,0.03,74.13
    47089,8900,0.03,74.16
    47091,8900,0.03,74.19
    47093,8900,0.03,74.22
    47095,8900,0.03,74.25
    47097,8900,0.03,74.28
    47099,8900,0.03,74.31
    47101,8900,0.03,74.34
    47103,8900,0.03,74.37
    47105,8900,0.03,74.40
    47107,8900,0.03,74.43
    47109,8900,0.03,74.46
    47111,8900,0.03,74.49
    47113,8900,0.03,74.52
    47115,8900,0.03,74.55
    47117,8900,0.03,74.58
    47119,8900,0.03,74.61
    47121,8900,0.03,74.64
    47123,8900,0.03,74.67
    47125,8900,0.03,74.70
    47127,8900,0.03,74.73
    47129,8900,0.03,74.76
    47131,8900,0.03,74.79
    47133,8900,0.03,74.82
    47135,8900,0.03,74.85
    47137,8900,0.03,74.88
    47139,8900,0.03,74.91
    47141,8900,0.03,74.94
    47143,8900,0.03,74.97
    47145,8900,0.03,75.00
    47147,8900,0.03,75.03
    47149,8900,0.03,75.06
    47151,8900,0.03,75.09
    47153,8900,0.03,75.12
    47155,8900,0.03,75.15
    47157,8900,0.03,75.18
    47159,8900,0.03,75.21
    47161,8900,0.03,75.24
    47163,8900,0.03,75.27
    47165,8900,0.03,75.30
    47167,8900,0.03,75.33
    47169,8900,0.03,75.36
    47171,8900,0.03,75.39
    47173,8900,0.03,75.42
    47175,8900,0.03,75.45
    47177,8900,0.03,75.48
    47179,8900,0.03,75.51
    47181,8900,0.03,75.54
    47183,8900,0.03,75.57
    47185,8900,0.03,75.60
    47187,8900,0.03,75.63
    47189,8900,0.03,75.66
    48001,8900,0.03,75.69
    48003,8900,0.03,75.72
    48005,8900,0.03,75.75
    48007,8900,0.03,75.78
    48009,8900,0.03,75.81
    48011,8900,0.03,75.84
    48013,8900,0.03,75.87
    48015,8900,0.03,75.90
    48017,8900,0.03,75.93
    48019,8900,0.03,75.96
    48021,8900,0.03,75.99
    48023,8900,0.03,76.02
    48025,8900,0.03,76.05
    48027,8900,0.03,76.08
    48029,8900,0.03,76.11
    48031,8900,0.03,76.14
    48033,8900,0.03,76.17
    48035,8900,0.03,76.20
    48037,8900,0.03,76.23
    48039,8900,0.03,76.26
    48041,8900,0.03,76.29
    48043,8900,0.03,76.32
    48045,8900,0.03,76.35
    48047,8900,0.03,76.38
    48049,8900,0.03,76.41
    48051,8900,0.03,76.44
    48053,8900,0.03,76.47
    48055,8900,0.03,76.50
    48057,8900,0.03,76.53
    48059,8900,0.03,76.56
    48061,8900,0.03,76.59
    48063,8900,0.03,76.62
    48065,8900,0.03,76.65
    48067,8900,0.03,76.68
    48069,8900,0.03,76.71
    48071,8900,0.03,76.74
    48073,8900,0.03,76.77
    48075,8900,0.03,76.80
    48077,8900,0.03,76.83
    48079,8900,0.03,76.86
    48081,8900,0.03,76.89
    48083,8900,0.03,76.92
    48085,8900,0.03,76.95
    48087,8900,0.03,76.98
    48089,8900,0.03,77.01
    48091,8900,0.03,77.04
    48093,8900,0.03,77.07
    48095,8900,0.03,77.10
    48097,8900,0.03,77.13
    48099,8900,0.03,77.16
    48101,8900,0.03,77.19
    48103,8900,0.03,77.22
    48105,8900,0.03,77.25
    48107,8900,0.03,77.28
    48109,8900,0.03,77.31
    48111,8900,0.03,77.34
    48113,8900,0.03,77.37
    48115,8900,0.03,77.40
    48117,8900,0.03,77.43
    48119,8900,0.03,77.46
    48121,8900,0.03,77.49
    48123,8900,0.03,77.52
    48125,8900,0.03,77.55
    48127,8900,0.03,77.58
    48129,8900,0.03,77.61
    48131,8900,0.03,77.64
    48133,8900,0.03,77.67
    48135,8900,0.03,77.70
    48137,8900,0.03,77.73
    48139,8900,0.03,77.76
    48141,8900,0.03,77.79
    48143,8900,0.03,77.82
    48145,8900,0.03,77.85
    48147,8900,0.03,77.88
    48149,8900,0.03,77.91
    48151,8900,0.03,77.94
    48153,8900,0.03,77.97
    48155,8900,0.03,78.00
    48157,8900,0.03,78.03
    48159,8900,0.03,78.06
    48161,8900,0.03,78.09
    48163,8900,0.03,78.12
    48165,8900,0.03,78.15
    48167,8900,0.03,78.18
    48169,8900,0.03,78.21
    48171,8900,0.03,78.24
    48173,8900,0.03,78.27
    48175,8900,0.03,78.30
    48177,8900,0.03,78.33
    48179,8900,0.03,78.36
    48181,8900,0.03,78.39
    48183,8900,0.03,78.42
    48185,8900,0.03,78.45
    48187,8900,0.03,78.48
    48189,8900,0.03,78.51
    48191,8900,0.03,78.54
    48193,8900,0.03,78.57
    48195,8900,0.03,78.60
    48197,8900,0.03,78.63
    48199,8900,0.03,78.66
    48201,8900,0.03,78.69
    48203,8900,0.03,78.72
    48205,8900,0.03,78.75
    48207,8900,0.03,78.78
    48209,8900,0.03,78.81
    48211,8900,0.03,78.84
    48213,8900,0.03,78.87
    48215,8900,0.03,78.90
    48217,8900,0.03,78.93
    48219,8900,0.03,78.96
    48221,8900,0.03,78.99
    48223,8900,0.03,79.02
    48225,8900,0.03,79.05
    48227,8900,0.03,79.08
    48229,8900,0.03,79.11
    48231,8900,0.03,79.14
    48233,8900,0.03,79.17
    48235,8900,0.03,79.20
    48237,8900,0.03,79.23
    48239,8900,0.03,79.26
    48241,8900,0.03,79.29
    48243,8900,0.03,79.32
    48245,8900,0.03,79.35
    48247,8900,0.03,79.38
    48249,8900,0.03,79.41
    48251,8900,0.03,79.44
    48253,8900,0.03,79.47
    48255,8900,0.03,79.50
    48257,8900,0.03,79.53
    48259,8900,0.03,79.56
    48261,8900,0.03,79.59
    48263,8900,0.03,79.62
    48265,8900,0.03,79.65
    48267,8900,0.03,79.68
    48269,8900,0.03,79.71
    48271,8900,0.03,79.74
    48273,8900,0.03,79.77
    48275,8900,0.03,79.80
    48277,8900,0.03,79.83
    48279,8900,0.03,79.86
    48281,8900,0.03,79.89
    48283,8900,0.03,79.92
    48285,8900,0.03,79.95
    48287,8900,0.03,79.98
    48289,8900,0.03,80.01
    48291,8900,0.03,80.04
    48293,8900,0.03,80.07
    48295,8900,0.03,80.10
    48297,8900,0.03,80.13
    48299,8900,0.03,80.16
    48301,8900,0.03,80.19
    48303,8900,0.03,80.22
    48305,8900,0.03,80.25
    48307,8900,0.03,80.28
    48309,8900,0.03,80.31
    48311,8900,0.03,80.34
    48313,8900,0.03,80.37
    48315,8900,0.03,80.40
    48317,8900,0.03,80.43
    48319,8900,0.03,80.46
    48321,8900,0.03,80.49
    48323,8900,0.03,80.52
    48325,8900,0.03,80.55
    48327,8900,0.03,80.58
    48329,8900,0.03,80.61
    48331,8900,0.03,80.64
    48333,8900,0.03,80.67
    48335,8900,0.03,80.70
    48337,8900,0.03,80.73
    48339,8900,0.03,80.76
    48341,8900,0.03,80.79
    48343,8900,0.03,80.82
    48345,8900,0.03,80.85
    48347,8900,0.03,80.88
    48349,8900,0.03,80.91
    48351,8900,0.03,80.94
    48353,8900,0.03,80.97
    48355,8900,0.03,81.00
    48357,8900,0.03,81.03
    48359,8900,0.03,81.06
    48361,8900,0.03,81.09
    48363,8900,0.03,81.12
    48365,8900,0.03,81.15
    48367,8900,0.03,81.18
    48369,8900,0.03,81.21
    48371,8900,0.03,81.24
    48373,8900,0.03,81.27
    48375,8900,0.03,81.30
    48377,8900,0.03,81.33
    48379,8900,0.03,81.36
    48381,8900,0.03,81.39
    48383,8900,0.03,81.42
    48385,8900,0.03,81.45
    48387,8900,0.03,81.48
    48389,8900,0.03,81.51
    48391,8900,0.03,81.54
    48393,8900,0.03,81.57
    48395,8900,0.03,81.60
    48397,8900,0.03,81.63
    48399,8900,0.03,81.66
    48401,8900,0.03,81.69
    48403,8900,0.03,81.72
    48405,8900,0.03,81.75
    48407,8900,0.03,81.78
    48409,8900,0.03,81.81
    48411,8900,0.03,81.84
    48413,8900,0.03,81.87
    48415,8900,0.03,81.90
    48417,8900,0.03,81.93
    48419,8900,0.03,81.96
    48421,8900,0.03,81.99
    48423,8900,0.03,82.02
    48425,8900,0.03,82.05
    48427,8900,0.03,82.08
    48429,8900,0.03,82.11
    48431,8900,0.03,82.14
    48433,8900,0.03,82.17
    48435,8900,0.03,82.20
    48437,8900,0.03,82.23
    48439,8900,0.03,82.26
    48441,8900,0.03,82.29
    48443,8900,0.03,82.32
    48445,8900,0.03,82.35
    48447,8900,0.03,82.38
    48449,8900,0.03,82.41
    48451,8900,0.03,82.44
    48453,8900,0.03,82.47
    48455,8900,0.03,82.50
    48457,8900,0.03,82.53
    48459,8900,0.03,82.56
    48461,8900,0.03,82.59
    48463,8900,0.03,82.62
    48465,8900,0.03,82.65
    48467,8900,0.03,82.68
    48469,8900,0.03,82.71
    48471,8900,0.03,82.74
    48473,8900,0.03,82.77
    48475,8900,0.03,82.80
    48477,8900,0.03,82.83
    48479,8900,0.03,82.86
    48481,8900,0.03,82.89
    48483,8900,0.03,82.92
    48485,8900,0.03,82.95
    48487,8900,0.03,82.98
    48489,8900,0.03,83.01
    48491,8900,0.03,83.04
    48493,8900,0.03,83.07
    48495,8900,0.03,83.10
    48497,8900,0.03,83.13
    48499,8900,0.03,83.16
    48501,8900,0.03,83.19
    48503,8900,0.03,83.22
    48505,8900,0.03,83.25
    48507,8900,0.03,83.28
    49001,8900,0.03,83.31
    49003,8900,0.03,83.34
    49005,8900,0.03,83.37
    49007,8900,0.03,83.40
    49009,8900,0.03,83.43
    49011,8900,0.03,83.46
    49013,8900,0.03,83.49
    49015,8900,0.03,83.52
    49017,8900,0.03,83.55
    49019,8900,0.03,83.58
    49021,8900,0.03,83.61
    49023,8900,0.03,83.64
    49025,8900,0.03,83.67
    49027,8900,0.03,83.70
    49029,8900,0.03,83.73
    49031,8900,0.03,83.76
    49033,8900,0.03,83.79
    49035,8900,0.03,83.82
    49037,8900,0.03,83.85
    49039,8900,0.03,83.88
    49041,8900,0.03,83.91
    49043,8900,0.03,83.94
    49045,8900,0.03,83.97
    49047,8900,0.03,84.00
    49049,8900,0.03,84.03
    49051,8900,0.03,84.06
    49053,8900,0.03,84.09
    49055,8900,0.03,84.12
    49057,8900,0.03,84.15
    50001,8900,0.03,84.18
    50003,8900,0.03,84.21
    50005,8900,0.03,84.24
    50007,8900,0.03,84.27
    50009,8900,0.03,84.30
    50011,8900,0.03,84.33
    50013,8900,0.03,84.36
    50015,8900,0.03,84.39
    50017,8900,0.03,84.42
    50019,8900,0.03,84.45
    50021,8900,0.03,84.48
    50023,8900,0.03,84.51
    50025,8900,0.03,84.54
    50027,8900,0.03,84.57
    51001,8900,0.03,84.60
    51003,8900,0.03,84.63
    51005,8900,0.03,84.66
    51007,8900,0.03,84.69
    51009,8900,0.03,84.72
    51011,8900,0.03,84.75
    51013,8900,0.03,84.78
    51015,8900,0.03,84.81
    51017,8900,0.03,84.84
    51019,8900,0.03,84.87
    51021,8900,0.03,84.90
    51023,8900,0.03,84.93
    51025,8900,0.03,84.96
    51027,8900,0.03,84.99
    51029,8900,0.03,85.02
    51031,8900,0.03,85.05
    51033,8900,0.03,85.08
    51035,8900,0.03,85.11
    51036,8900,0.03,85.14
    51037,8900,0.03,85.17
    51041,8900,0.03,85.20
    51043,8900,0.03,85.23
    51045,8900,0.03,85.26
    51047,8900,0.03,85.29
    51049,8900,0.03,85.32
    51051,8900,0.03,85.35
    51053,8900,0.03,85.38
    51057,8900,0.03,85.41
    51059,8900,0.03,85.44
    51061,8900,0.03,85.47
    51063,8900,0.03,85.50
    51065,8900,0.03,85.53
    51067,8900,0.03,85.56
    51069,8900,0.03,85.59
    51071,8900,0.03,85.62
    51073,8900,0.03,85.65
    51075,8900,0.03,85.68
    51077,8900,0.03,85.71
    51079,8900,0.03,85.74
    51081,8900,0.03,85.77
    51083,8900,0.03,85.80
    51085,8900,0.03,85.83
    51087,8900,0.03,85.86
    51089,8900,0.03,85.89
    51091,8900,0.03,85.92
    51093,8900,0.03,85.95
    51095,8900,0.03,85.98
    51097,8900,0.03,86.01
    51099,8900,0.03,86.04
    51101,8900,0.03,86.07
    51103,8900,0.03,86.10
    51105,8900,0.03,86.13
    51107,8900,0.03,86.16
    51109,8900,0.03,86.19
    51111,8900,0.03,86.22
    51113,8900,0.03,86.25
    51115,8900,0.03,86.28
    51117,8900,0.03,86.31
    51119,8900,0.03,86.34
    51121,8900,0.03,86.37
    51125,8900,0.03,86.40
    51127,8900,0.03,86.43
    51131,8900,0.03,86.46
    51133,8900,0.03,86.49
    51135,8900,0.03,86.52
    51137,8900,0.03,86.55
    51139,8900,0.03,86.58
    51141,8900,0.03,86.61
    51143,8900,0.03,86.64
    51145,8900,0.03,86.67
    51147,8900,0.03,86.70
    51149,8900,0.03,86.73
    51153,8900,0.03,86.76
    51155,8900,0.03,86.79
    51157,8900,0.03,86.82
    51159,8900,0.03,86.85
    51161,8900,0.03,86.88
    51163,8900,0.03,86.91
    51165,8900,0.03,86.94
    51167,8900,0.03,86.97
    51169,8900,0.03,87.00
    51171,8900,0.03,87.03
    51173,8900,0.03,87.06
    51175,8900,0.03,87.09
    51177,8900,0.03,87.12
    51179,8900,0.03,87.15
    51181,8900,0.03,87.18
    51183,8900,0.03,87.21
    51185,8900,0.03,87.24
    51187,8900,0.03,87.27
    51191,8900,0.03,87.30
    51193,8900,0.03,87.33
    51195,8900,0.03,87.36
    51197,8900,0.03,87.39
    51199,8900,0.03,87.42
    51510,8900,0.03,87.45
    51515,8900,0.03,87.48
    51520,8900,0.03,87.51
    51530,8900,0.03,87.54
    51540,8900,0.03,87.57
    51550,8900,0.03,87.60
    51570,8900,0.03,87.63
    51580,8900,0.03,87.66
    51590,8900,0.03,87.69
    51595,8900,0.03,87.72
    51600,8900,0.03,87.75
    51610,8900,0.03,87.78
    51620,8900,0.03,87.81
    51630,8900,0.03,87.84
    51640,8900,0.03,87.87
    51650,8900,0.03,87.90
    51660,8900,0.03,87.93
    51670,8900,0.03,87.96
    51678,8900,0.03,87.99
    51680,8900,0.03,88.02
    51683,8900,0.03,88.05
    51685,8900,0.03,88.08
    51690,8900,0.03,88.11
    51700,8900,0.03,88.14
    51710,8900,0.03,88.17
    51720,8900,0.03,88.20
    51730,8900,0.03,88.23
    51735,8900,0.03,88.26
    51740,8900,0.03,88.29
    51750,8900,0.03,88.32
    51760,8900,0.03,88.35
    51770,8900,0.03,88.38
    51775,8900,0.03,88.41
    51790,8900,0.03,88.44
    51800,8900,0.03,88.47
    51810,8900,0.03,88.50
    51820,8900,0.03,88.53
    51830,8900,0.03,88.56
    51840,8900,0.03,88.59
    53001,8900,0.03,88.62
    53003,8900,0.03,88.65
    53005,8900,0.03,88.68
    53007,8900,0.03,88.71
    53009,8900,0.03,88.74
    53011,8900,0.03,88.77
    53013,8900,0.03,88.80
    53015,8900,0.03,88.83
    53017,8900,0.03,88.86
    53019,8900,0.03,88.89
    53021,8900,0.03,88.92
    53023,8900,0.03,88.95
    53025,8900,0.03,88.98
    53027,8900,0.03,89.01
    53029,8900,0.03,89.04
    53031,8900,0.03,89.07
    53033,8900,0.03,89.10
    53035,8900,0.03,89.13
    53037,8900,0.03,89.16
    53039,8900,0.03,89.19
    53041,8900,0.03,89.22
    53043,8900,0.03,89.25
    53045,8900,0.03,89.28
    53047,8900,0.03,89.31
    53049,8900,0.03,89.34
    53051,8900,0.03,89.37
    53053,8900,0.03,89.40
    53055,8900,0.03,89.43
    53057,8900,0.03,89.46
    53059,8900,0.03,89.49
    53061,8900,0.03,89.52
    53063,8900,0.03,89.55
    53065,8900,0.03,89.58
    53067,8900,0.03,89.61
    53069,8900,0.03,89.64
    53071,8900,0.03,89.67
    53073,8900,0.03,89.70
    53075,8900,0.03,89.73
    53077,8900,0.03,89.76
    54001,8900,0.03,89.79
    54003,8900,0.03,89.82
    54005,8900,0.03,89.85
    54007,8900,0.03,89.88
    54009,8900,0.03,89.91
    54011,8900,0.03,89.94
    54013,8900,0.03,89.97
    54015,8900,0.03,90.00
    54017,8900,0.03,90.03
    54019,8900,0.03,90.06
    54021,8900,0.03,90.09
    54023,8900,0.03,90.12
    54025,8900,0.03,90.15
    54027,8900,0.03,90.18
    54029,8900,0.03,90.21
    54031,8900,0.03,90.24
    54033,8900,0.03,90.27
    54035,8900,0.03,90.30
    54037,8900,0.03,90.33
    54039,8900,0.03,90.36
    54041,8900,0.03,90.39
    54043,8900,0.03,90.42
    54045,8900,0.03,90.45
    54047,8900,0.03,90.48
    54049,8900,0.03,90.51
    54051,8900,0.03,90.54
    54053,8900,0.03,90.57
    54055,8900,0.03,90.60
    54057,8900,0.03,90.63
    54059,8900,0.03,90.66
    54061,8900,0.03,90.69
    54063,8900,0.03,90.72
    54065,8900,0.03,90.75
    54067,8900,0.03,90.78
    54069,8900,0.03,90.81
    54071,8900,0.03,90.84
    54073,8900,0.03,90.87
    54075,8900,0.03,90.90
    54077,8900,0.03,90.93
    54079,8900,0.03,90.96
    54081,8900,0.03,90.99
    54083,8900,0.03,91.02
    54085,8900,0.03,91.05
    54087,8900,0.03,91.08
    54089,8900,0.03,91.11
    54091,8900,0.03,91.14
    54093,8900,0.03,91.17
    54095,8900,0.03,91.20
    54097,8900,0.03,91.23
    54099,8900,0.03,91.26
    54101,8900,0.03,91.29
    54103,8900,0.03,91.32
    54105,8900,0.03,91.35
    54107,8900,0.03,91.38
    54109,8900,0.03,91.41
    55001,8900,0.03,91.44
    55003,8900,0.03,91.47
    55005,8900,0.03,91.50
    55007,8900,0.03,91.53
    55009,8900,0.03,91.56
    55011,8900,0.03,91.59
    55013,8900,0.03,91.62
    55015,8900,0.03,91.65
    55017,8900,0.03,91.68
    55019,8900,0.03,91.71
    55021,8900,0.03,91.74
    55023,8900,0.03,91.77
    55025,8900,0.03,91.80
    55027,8900,0.03,91.83
    55029,8900,0.03,91.86
    55031,8900,0.03,91.89
    55033,8900,0.03,91.92
    55035,8900,0.03,91.95
    55037,8900,0.03,91.98
    55039,8900,0.03,92.01
    55041,8900,0.03,92.04
    55043,8900,0.03,92.07
    55045,8900,0.03,92.10
    55047,8900,0.03,92.13
    55049,8900,0.03,92.16
    55051,8900,0.03,92.19
    55053,8900,0.03,92.22
    55055,8900,0.03,92.25
    55057,8900,0.03,92.28
    55059,8900,0.03,92.31
    55061,8900,0.03,92.34
    55063,8900,0.03,92.37
    55065,8900,0.03,92.40
    55067,8900,0.03,92.43
    55069,8900,0.03,92.46
    55071,8900,0.03,92.49
    55073,8900,0.03,92.52
    55075,8900,0.03,92.55
    55077,8900,0.03,92.58
    55078,8900,0.03,92.61
    55079,8900,0.03,92.64
    55081,8900,0.03,92.67
    55083,8900,0.03,92.70
    55085,8900,0.03,92.73
    55087,8900,0.03,92.76
    55089,8900,0.03,92.79
    55091,8900,0.03,92.82
    55093,8900,0.03,92.85
    55095,8900,0.03,92.88
    55097,8900,0.03,92.91
    55099,8900,0.03,92.94
    55101,8900,0.03,92.97
    55103,8900,0.03,93.00
    55105,8900,0.03,93.03
    55107,8900,0.03,93.06
    55109,8900,0.03,93.09
    55111,8900,0.03,93.12
    55113,8900,0.03,93.15
    55115,8900,0.03,93.18
    55117,8900,0.03,93.21
    55119,8900,0.03,93.24
    55121,8900,0.03,93.27
    55123,8900,0.03,93.30
    55125,8900,0.03,93.33
    55127,8900,0.03,93.36
    55129,8900,0.03,93.39
    55131,8900,0.03,93.42
    55133,8900,0.03,93.45
    55135,8900,0.03,93.48
    55137,8900,0.03,93.51
    55139,8900,0.03,93.54
    55141,8900,0.03,93.57
    56001,8900,0.03,93.60
    56003,8900,0.03,93.63
    56005,8900,0.03,93.66
    56007,8900,0.03,93.69
    56009,8900,0.03,93.72
    56011,8900,0.03,93.75
    56013,8900,0.03,93.78
    56015,8900,0.03,93.81
    56017,8900,0.03,93.84
    56019,8900,0.03,93.87
    56021,8900,0.03,93.90
    56023,8900,0.03,93.93
    56025,8900,0.03,93.96
    56027,8900,0.03,93.99
    56029,8900,0.03,94.02
    56031,8900,0.03,94.05
    56033,8900,0.03,94.08
    56035,8900,0.03,94.11
    56037,8900,0.03,94.14
    56039,8900,0.03,94.17
    56041,8900,0.03,94.20
    56043,8900,0.03,94.23
    56045,8900,0.03,94.26
Total,27959795,100.00,
